From,To,Total Acceleration Min ((m/s²)²),Total Acceleration Max ((m/s²)²),Total Acceleration Avg ((m/s²)²),Axial Velocity Min (mm/s),Axial Velocity Max (mm/s),Axial Velocity Avg (mm/s),Horizontal Velocity Min (mm/s),Horizontal Velocity Max (mm/s),Horizontal Velocity Avg (mm/s),Vertical Velocity Min (mm/s),Vertical Velocity Max (mm/s),Vertical Velocity Avg (mm/s),Temperature Min (°C),Temperature Max (°C),Temperature Avg (°C),Audio Min (dB),Audio Max (dB),Audio Avg (dB)
12/16/2020 1:30,12/16/2020 2:00,112.3,120,116.14,0.97,1.4,1.08,0.61,1.12,0.77,0.31,0.48,0.35,24.84,24.86,24.84,113.3,114.5,113.91
12/16/2020 2:00,12/16/2020 2:30,111.2,153.8,118.32,0.94,1.89,1.14,0.59,2.37,0.85,0.31,0.85,0.4,24.71,24.98,24.77,112.1,117.6,113.49
12/16/2020 2:30,12/16/2020 3:00,111.4,131.7,118,0.95,2.24,1.14,0.58,1.57,0.86,0.31,0.7,0.42,24.35,24.84,24.62,112.1,117.1,113.47
12/16/2020 3:00,12/16/2020 3:30,111.6,148.9,118.71,1.03,1.31,1.14,0.79,1.14,0.87,0.44,0.57,0.5,24.31,25.11,24.64,112.1,115.7,113.39
12/16/2020 3:30,12/16/2020 4:00,103.2,149.3,117.39,0.32,1.32,1.05,0.3,1.38,0.82,0.38,0.61,0.48,25.1,25.9,25.46,77.04,120.5,111.85
12/16/2020 4:00,12/16/2020 4:30,111.7,167,118.85,0.98,1.29,1.12,0.7,1.13,0.86,0.41,0.59,0.48,24.92,25.11,24.99,112.2,117.9,113.81
12/16/2020 4:30,12/16/2020 5:00,111.3,156,118.94,0.96,1.32,1.12,0.73,1.23,0.86,0.4,0.6,0.49,25.05,25.29,25.18,112.5,117,113.94
12/16/2020 5:00,12/16/2020 5:30,111.6,145.2,119.05,0.94,1.26,1.1,0.72,1.14,0.85,0.39,0.58,0.48,25.08,25.72,25.43,112.3,116.5,114.01
12/16/2020 5:30,12/16/2020 6:00,111.8,167.2,119.83,0.97,1.28,1.1,0.73,1.14,0.87,0.4,0.56,0.48,25.46,25.74,25.59,112.5,116.4,113.92
12/16/2020 6:00,12/16/2020 6:30,111.2,188.9,119.81,0.91,1.33,1.1,0.73,1.17,0.86,0.42,0.6,0.49,24.95,25.75,25.46,112.5,117.5,113.88
12/16/2020 6:30,12/16/2020 7:00,111.4,154.6,118.32,0.94,1.31,1.09,0.71,1.42,0.84,0.41,0.6,0.48,24.75,24.95,24.84,112.2,116.8,113.72
12/16/2020 7:00,12/16/2020 7:30,111.5,154,118.71,0.97,1.29,1.09,0.7,1.32,0.85,0.41,0.61,0.49,24.76,25.1,24.94,112.1,118.2,113.78
12/16/2020 7:30,12/16/2020 8:00,111.4,153.7,118.11,0.96,1.33,1.1,0.7,1.26,0.84,0.39,0.58,0.49,24.85,25.11,24.97,112.2,116,113.65
12/16/2020 8:00,12/16/2020 8:30,103.5,140,113.37,0.3,1.36,0.84,0.29,1.2,0.66,0.38,0.57,0.46,25.09,25.47,25.23,77.67,117.8,103.65
12/16/2020 8:30,12/16/2020 9:00,103.4,103.8,103.55,0.31,0.38,0.35,0.29,0.37,0.32,0.39,0.47,0.42,25.25,25.49,25.36,77.83,84.05,79.31
12/16/2020 9:00,12/16/2020 9:30,111.6,154.8,118.84,0.98,1.32,1.11,0.72,1.27,0.85,0.41,0.61,0.49,25.19,25.57,25.35,112.8,118,114.46
12/16/2020 9:30,12/16/2020 10:00,111.6,142.4,118.29,0.97,1.32,1.1,0.71,1.3,0.84,0.41,0.59,0.49,25.39,25.61,25.5,112.4,119.2,114.08
12/16/2020 10:00,12/16/2020 10:30,110.5,170.6,118.93,0.88,1.28,1.06,0.71,1.39,0.86,0.43,0.64,0.51,25.49,26.38,25.93,112.4,118.8,113.96
12/16/2020 10:30,12/16/2020 11:00,111.4,159.7,118.06,0.88,1.24,1.07,0.72,1.29,0.85,0.43,0.63,0.51,23.99,25.77,24.94,112.1,120,113.82
12/16/2020 11:00,12/16/2020 11:30,111.3,125,117.15,0.98,1.22,1.08,0.73,0.95,0.83,0.44,0.6,0.51,23.66,24.31,23.82,112.7,115.3,113.85
12/16/2020 11:30,12/16/2020 12:00,103.1,124.3,105.05,0.32,1.2,0.44,0.28,0.9,0.38,0.38,0.59,0.43,24.31,25.27,25.06,73.55,114.6,82.92
12/16/2020 12:00,12/16/2020 12:30,103.3,103.7,103.42,0.3,0.4,0.35,0.28,0.35,0.32,0.37,0.48,0.42,24.43,25.02,24.69,72.16,76.92,74.68
12/16/2020 12:30,12/16/2020 13:00,103.4,103.9,103.64,0.31,0.39,0.35,0.28,0.36,0.32,0.36,0.47,0.42,24.27,24.44,24.39,71.79,77.69,74.35
12/16/2020 13:00,12/16/2020 13:30,103.6,103.9,103.75,0.31,0.4,0.35,0.28,0.36,0.32,0.36,0.48,0.42,24.15,24.28,24.21,72.05,78.06,74.57
12/16/2020 13:30,12/16/2020 14:00,103.6,104,103.78,0.3,0.4,0.35,0.29,0.35,0.32,0.37,0.47,0.42,24.02,24.15,24.07,71.99,76.91,74.36
12/16/2020 14:00,12/16/2020 14:30,103.6,104,103.82,0.31,0.38,0.34,0.28,0.35,0.31,0.38,0.45,0.42,23.96,24.03,23.99,72.06,77.14,74.36
12/16/2020 14:30,12/16/2020 15:00,103.7,104.1,103.87,0.31,0.37,0.34,0.28,0.35,0.31,0.38,0.45,0.42,23.96,23.98,23.97,71.76,77.37,74.41
12/16/2020 15:00,12/16/2020 15:30,103.7,104,103.87,0.31,0.38,0.34,0.28,0.35,0.31,0.38,0.45,0.42,23.94,23.97,23.95,71.86,77.4,74.37
12/16/2020 15:30,12/16/2020 16:00,103.7,104.1,103.86,0.31,0.37,0.34,0.28,0.34,0.31,0.39,0.45,0.41,23.94,23.96,23.94,71.92,77.58,74.31
12/16/2020 16:00,12/16/2020 16:30,103.6,104,103.81,0.31,0.38,0.34,0.27,0.34,0.31,0.39,0.45,0.42,23.94,23.96,23.95,71.53,76.81,74.27
12/16/2020 16:30,12/16/2020 17:00,103.6,104,103.81,0.31,0.38,0.34,0.28,0.35,0.31,0.38,0.46,0.42,23.94,23.98,23.96,71.64,76.98,74.27
12/16/2020 17:00,12/16/2020 17:30,103.6,104,103.8,0.31,0.38,0.34,0.27,0.35,0.31,0.38,0.46,0.42,23.94,24,23.97,71.48,76.48,74.29
12/16/2020 17:30,12/16/2020 18:00,103.6,104,103.82,0.31,0.38,0.35,0.28,0.36,0.31,0.38,0.47,0.42,23.99,24.01,24,72.17,77.34,74.29
12/16/2020 18:00,12/16/2020 18:30,103.6,104,103.8,0.31,0.38,0.34,0.28,0.36,0.31,0.38,0.46,0.42,23.99,24.03,24.01,71.69,77.11,74.28
12/16/2020 18:30,12/16/2020 19:00,103.6,104,103.81,0.31,0.39,0.35,0.29,0.36,0.32,0.37,0.48,0.42,23.94,24.03,24,72.15,78.48,75.36
12/16/2020 19:00,12/16/2020 19:30,103.6,104.1,103.84,0.32,0.39,0.35,0.29,0.35,0.32,0.38,0.47,0.42,23.82,23.95,23.89,73.53,77.52,75.67
12/16/2020 19:30,12/16/2020 20:00,103.7,161,112.23,0.31,1.28,0.79,0.29,1.22,0.63,0.37,0.64,0.48,23.71,23.99,23.83,73.63,117.5,98.91
12/16/2020 20:00,12/16/2020 20:30,105.1,152.5,116.62,0.4,1.26,0.99,0.34,1.27,0.81,0.38,0.69,0.5,23.76,24.46,24,97.46,117,112.88
12/16/2020 20:30,12/16/2020 21:00,110.5,154.7,117.81,0.86,1.29,1.01,0.71,1.21,0.85,0.4,0.63,0.5,24.45,24.91,24.72,112,118.7,114.43
12/16/2020 21:00,12/16/2020 21:30,111,144.2,116.98,0.89,1.24,1.03,0.69,1.1,0.83,0.42,0.61,0.51,24.8,25.55,25.11,114.1,118.5,115.23
12/16/2020 21:30,12/16/2020 22:00,106,133.5,116.22,0.41,1.25,1,0.4,1.13,0.8,0.39,0.62,0.5,25.55,26.26,25.95,103.5,118.2,115.09
12/16/2020 22:00,12/16/2020 22:30,110,162.6,115.95,0.91,1.3,1.02,0.69,1.1,0.81,0.4,0.61,0.5,25.51,25.82,25.63,113.4,118,115.16
12/16/2020 22:30,12/16/2020 23:00,110.8,134.8,115.63,0.95,1.27,1.07,0.71,0.97,0.8,0.43,0.61,0.51,25.34,25.75,25.56,113.8,115.9,114.73
12/16/2020 23:00,12/16/2020 23:30,110.3,132.2,115.3,0.86,1.22,1.04,0.67,0.96,0.78,0.43,0.65,0.5,25.38,25.8,25.58,113.7,116.7,115
12/16/2020 23:30,12/17/2020 0:00,110,131.4,115.11,0.87,1.28,1.01,0.67,1.2,0.79,0.4,0.59,0.5,25.64,25.82,25.73,113.9,118.3,115.09
12/17/2020 0:00,12/17/2020 0:30,110.7,177.4,116.03,0.88,1.22,1.02,0.68,1.31,0.8,0.42,0.64,0.5,25.59,25.81,25.69,114.1,118.5,115.19
12/17/2020 0:30,12/17/2020 1:00,110.7,129.1,116.07,0.93,1.23,1.06,0.72,0.92,0.8,0.43,0.58,0.51,25.04,25.7,25.45,114,116,114.99
12/17/2020 1:00,12/17/2020 1:30,110.8,125.5,115.7,0.95,1.23,1.06,0.7,0.96,0.8,0.42,0.63,0.51,24.22,25.05,24.59,113.9,116.8,114.85
12/17/2020 1:30,12/17/2020 2:00,110.6,126.4,115.14,0.91,1.25,1.05,0.64,0.92,0.78,0.41,0.62,0.5,23.99,24.29,24.09,114,115.9,114.8
12/17/2020 2:00,12/17/2020 2:30,110.2,133.3,114.77,0.88,1.31,1.03,0.66,1.01,0.77,0.41,0.61,0.5,24.29,24.73,24.53,114,116.5,114.99
12/17/2020 2:30,12/17/2020 3:00,110.5,136.8,114.99,0.9,1.23,1.04,0.66,1.14,0.78,0.42,0.61,0.5,24.39,24.63,24.51,114,117.8,114.95
12/18/2020 4:00,12/18/2020 4:30,109.2,119.3,111.18,0.88,1.17,1.04,0.57,0.74,0.66,0.43,0.59,0.5,25.63,26,25.85,114.1,117.7,115.73
12/18/2020 4:30,12/18/2020 5:00,103.7,118.4,110.86,0.32,1.23,0.94,0.29,0.81,0.63,0.37,0.61,0.49,25.47,25.82,25.63,76.06,118.3,111.43
12/18/2020 5:00,12/18/2020 5:30,109.7,119.8,113.09,0.91,1.26,1.05,0.59,0.82,0.69,0.41,0.65,0.5,24.97,25.94,25.52,114.1,116.7,115.37
12/18/2020 5:30,12/18/2020 6:00,105,125.3,113.78,0.38,1.22,1.02,0.37,0.84,0.69,0.39,0.59,0.5,24.73,26.09,25.16,100.9,118.3,114.91
12/18/2020 6:00,12/18/2020 6:30,109.9,127.3,114.48,0.9,1.26,1.05,0.61,0.84,0.71,0.4,0.59,0.49,24.52,26.08,25.14,113.9,118.5,115.21
12/18/2020 6:30,12/18/2020 7:00,109.8,124.1,114.55,0.92,1.23,1.04,0.62,0.82,0.71,0.41,0.61,0.49,24.23,24.52,24.34,113.8,117.2,114.91
12/18/2020 7:00,12/18/2020 7:30,109.9,125.7,114.68,0.93,1.23,1.04,0.61,0.84,0.71,0.4,0.61,0.49,24.1,24.28,24.16,113.6,116.1,114.7
12/18/2020 7:30,12/18/2020 8:00,109.7,123.6,114.65,0.9,1.27,1.04,0.61,0.84,0.71,0.4,0.61,0.49,23.95,24.17,24.08,113.5,116.6,114.74
12/18/2020 8:00,12/18/2020 8:30,110.3,122.2,114.18,0.91,1.25,1.04,0.62,0.82,0.71,0.41,0.58,0.49,23.73,24.04,23.89,113.3,116,114.61
12/18/2020 8:30,12/18/2020 9:00,109.5,121.7,114.3,0.91,1.23,1.04,0.62,0.86,0.71,0.41,0.6,0.49,23.36,23.85,23.65,113.5,116.5,114.68
12/18/2020 9:00,12/18/2020 9:30,109.8,125.8,114.27,0.93,1.21,1.05,0.61,0.83,0.71,0.42,0.59,0.49,23.02,23.44,23.19,113.3,116.9,114.51
12/18/2020 9:30,12/18/2020 10:00,110,124.4,114.34,0.92,1.2,1.05,0.62,0.86,0.71,0.41,0.62,0.5,23.01,23.25,23.11,113.3,116.3,114.43
12/18/2020 10:00,12/18/2020 10:30,109.6,124.1,114.37,0.92,1.26,1.05,0.6,0.82,0.71,0.42,0.59,0.5,22.83,23.08,22.93,113.4,115.7,114.36
12/18/2020 10:30,12/18/2020 11:00,109.1,122.1,113.97,0.92,1.25,1.04,0.61,0.81,0.7,0.41,0.6,0.49,23.08,23.37,23.18,113.4,115.5,114.42
12/18/2020 11:00,12/18/2020 11:30,109.8,121.3,113.53,0.93,1.23,1.06,0.61,0.8,0.7,0.42,0.61,0.5,22.85,23.19,23.09,113.4,115.4,114.26
12/18/2020 11:30,12/18/2020 12:00,103.7,119.1,104.48,0.31,1.17,0.4,0.29,0.78,0.35,0.37,0.57,0.42,22.77,23.09,22.98,74.06,114.7,79.89
12/18/2020 12:00,12/18/2020 12:30,103.8,104.5,104.14,0.31,0.4,0.35,0.29,0.36,0.32,0.37,0.47,0.42,22.38,22.93,22.64,74.32,77.16,75.61
12/18/2020 12:30,12/18/2020 13:00,104.1,104.5,104.33,0.31,0.4,0.35,0.29,0.36,0.32,0.36,0.47,0.42,22.04,22.38,22.19,73.92,77.21,75.7
12/18/2020 13:00,12/18/2020 13:30,104.1,104.5,104.31,0.31,0.4,0.35,0.29,0.36,0.32,0.37,0.48,0.42,22,22.42,22.33,74.27,77.32,75.67
12/18/2020 13:30,12/18/2020 14:00,104.1,104.5,104.31,0.31,0.39,0.35,0.29,0.35,0.32,0.38,0.46,0.42,22.27,22.35,22.3,74.12,77.39,75.7
12/18/2020 14:00,12/18/2020 14:30,104.1,104.5,104.32,0.32,0.38,0.35,0.29,0.35,0.32,0.38,0.45,0.42,22.23,22.3,22.26,74.18,77.15,75.7
12/18/2020 14:30,12/18/2020 15:00,104.1,104.5,104.3,0.31,0.38,0.35,0.29,0.36,0.32,0.38,0.45,0.42,22.2,22.26,22.25,73.97,77.4,75.46
12/18/2020 15:00,12/18/2020 15:30,104,104.5,104.28,0.32,0.38,0.35,0.28,0.36,0.32,0.38,0.45,0.41,22.18,22.23,22.2,73.51,78.2,75.18
12/18/2020 15:30,12/18/2020 16:00,104.1,104.6,104.3,0.32,0.38,0.35,0.29,0.35,0.32,0.39,0.45,0.41,22.19,22.24,22.21,73.56,77.19,75.11
12/18/2020 16:00,12/18/2020 16:30,104.1,104.5,104.3,0.31,0.38,0.35,0.29,0.35,0.32,0.39,0.46,0.42,22.19,22.27,22.23,73.27,77.92,75.19
12/18/2020 16:30,12/18/2020 17:00,104.1,104.5,104.28,0.31,0.38,0.35,0.29,0.35,0.32,0.38,0.47,0.42,22.23,22.31,22.27,73.22,77.65,75.18
12/18/2020 17:00,12/18/2020 17:30,104.1,104.5,104.28,0.31,0.39,0.35,0.29,0.36,0.32,0.38,0.46,0.42,22.28,22.34,22.31,73.31,77.33,75.19
12/18/2020 17:30,12/18/2020 18:00,104,104.4,104.23,0.31,0.38,0.35,0.28,0.36,0.32,0.38,0.46,0.42,22.29,22.35,22.33,73.59,76.64,75.13
12/18/2020 18:00,12/18/2020 18:30,104,104.4,104.23,0.3,0.39,0.35,0.29,0.36,0.32,0.37,0.47,0.42,22.29,22.41,22.36,73.68,77.56,75.3
12/18/2020 18:30,12/18/2020 19:00,104.1,104.5,104.28,0.31,0.4,0.35,0.29,0.37,0.32,0.37,0.48,0.42,22.36,22.46,22.41,73.81,77.85,75.56
12/18/2020 19:00,12/18/2020 19:30,104,104.5,104.27,0.31,0.39,0.35,0.28,0.36,0.32,0.38,0.47,0.42,22.36,22.45,22.4,73.95,79.27,75.58
12/18/2020 19:30,12/18/2020 20:00,104.1,125,113.79,0.31,1.25,0.91,0.29,0.85,0.65,0.37,0.6,0.48,22.39,22.81,22.55,74.04,116,107.3
12/18/2020 20:00,12/18/2020 20:30,109.5,123.3,113.96,0.89,1.17,1.01,0.59,0.81,0.69,0.41,0.6,0.49,22.8,23.41,23.13,113.6,116.9,114.88
12/18/2020 20:30,12/18/2020 21:00,109.4,126.9,113.31,0.87,1.19,1,0.57,0.8,0.69,0.4,0.59,0.49,23.39,23.87,23.62,113.9,117,115.22
12/18/2020 21:00,12/18/2020 21:30,109.2,123.1,112.85,0.85,1.23,1,0.59,0.8,0.69,0.42,0.59,0.49,23.86,24.19,24.04,114.3,116.1,115.28
12/18/2020 21:30,12/18/2020 22:00,109.4,118.8,112.78,0.86,1.17,0.99,0.6,0.81,0.68,0.4,0.6,0.49,24.19,24.41,24.28,114.1,116.1,115.1
12/18/2020 22:00,12/18/2020 22:30,103.6,121.1,111.29,0.31,1.15,0.87,0.3,0.82,0.62,0.37,0.6,0.48,24.34,24.76,24.5,76.38,116.2,109.33
12/18/2020 22:30,12/18/2020 23:00,109.3,125.6,113.01,0.88,1.18,1,0.59,0.82,0.69,0.42,0.59,0.49,23.91,24.44,24.12,114,116.7,115.06
12/18/2020 23:00,12/18/2020 23:30,109.1,119.3,112.54,0.88,1.19,0.99,0.6,0.79,0.68,0.41,0.62,0.49,23.6,23.93,23.82,113.9,116.1,114.87
12/18/2020 23:30,12/19/2020 0:00,109,118.7,112.59,0.89,1.18,1,0.59,0.81,0.68,0.42,0.59,0.49,22.87,23.61,23.18,113.9,115.8,114.72
12/19/2020 0:00,12/19/2020 0:30,109.2,119.2,112.99,0.87,1.16,1,0.6,0.79,0.69,0.42,0.59,0.49,22.74,23.13,22.9,113.7,115.7,114.78
12/19/2020 0:30,12/19/2020 1:00,109.7,119.7,113.34,0.86,1.17,1.01,0.58,0.82,0.69,0.41,0.62,0.5,23.12,23.78,23.54,113.9,115.9,114.93
12/19/2020 1:00,12/19/2020 1:30,109.6,118.8,113.12,0.87,1.18,1.01,0.58,0.83,0.69,0.42,0.59,0.5,23.7,24.23,23.85,114,115.9,114.99
12/19/2020 1:30,12/19/2020 2:00,109.4,118.4,113.06,0.87,1.17,1.01,0.6,0.81,0.7,0.42,0.6,0.5,23.94,24.64,24.43,113.9,116.1,115
12/19/2020 2:00,12/19/2020 2:30,109.2,119.9,112.78,0.87,1.17,1.01,0.6,0.84,0.69,0.41,0.62,0.49,23.57,23.95,23.67,113.9,116.1,114.84
12/19/2020 2:30,12/19/2020 3:00,103.6,119.4,109.83,0.31,1.17,0.78,0.28,0.81,0.56,0.37,0.58,0.48,23.58,25.22,24.33,76.24,115.9,102.76
12/19/2020 3:00,12/19/2020 3:30,103.7,104.3,103.99,0.31,0.4,0.35,0.28,0.37,0.33,0.37,0.48,0.42,24.56,25.22,24.91,75.24,83.93,76.69
12/19/2020 3:30,12/19/2020 4:00,104.1,123.7,113.29,0.34,1.15,1,0.32,0.8,0.69,0.39,0.6,0.5,23.72,24.57,24.11,76.2,115.8,114.47
12/19/2020 4:00,12/19/2020 4:30,109.1,125.5,112.53,0.88,1.15,0.99,0.58,0.8,0.68,0.42,0.59,0.49,23.29,23.73,23.45,113.7,116,114.63
12/19/2020 4:30,12/19/2020 5:00,109,120.1,112.78,0.87,1.23,0.99,0.58,0.77,0.68,0.4,0.59,0.49,23.41,23.54,23.49,113.6,115.7,114.66
12/19/2020 5:00,12/19/2020 5:30,109.6,119.3,112.68,0.89,1.12,0.98,0.6,0.78,0.68,0.42,0.61,0.49,23.34,23.55,23.46,113.9,115.7,114.8
12/19/2020 5:30,12/19/2020 6:00,109.1,165.7,113.31,0.86,1.14,0.99,0.59,0.82,0.69,0.41,0.61,0.5,23.35,23.99,23.52,114,117.1,114.95
12/19/2020 6:00,12/19/2020 6:30,103.7,124.9,112.4,0.33,1.26,0.93,0.29,0.82,0.65,0.38,0.63,0.49,23.65,24.87,24.33,77.6,116,113.25
12/19/2020 6:30,12/19/2020 7:00,103.8,119.9,112.03,0.33,1.14,0.95,0.32,0.8,0.65,0.38,0.61,0.49,23.35,23.65,23.48,85.19,115.7,113.63
12/19/2020 7:00,12/19/2020 7:30,109.2,120.8,112.9,0.86,1.26,0.97,0.58,0.84,0.67,0.4,0.62,0.49,22.97,23.37,23.11,113.5,116,114.75
12/19/2020 7:30,12/19/2020 8:00,108.8,120.6,113.03,0.84,1.15,0.99,0.59,0.83,0.68,0.41,0.64,0.5,22.96,23.22,23.03,113.6,116.3,114.91
12/19/2020 8:00,12/19/2020 8:30,103.7,121.6,112.42,0.31,1.16,0.94,0.3,0.8,0.65,0.37,0.6,0.49,23.22,24.52,23.97,74.81,116.5,113.01
12/19/2020 8:30,12/19/2020 9:00,108.9,121.2,112.72,0.86,1.15,0.99,0.59,0.84,0.68,0.4,0.6,0.49,23.14,23.63,23.26,113.4,116.1,114.75
12/19/2020 9:00,12/19/2020 9:30,109,121.8,112.85,0.87,1.18,0.99,0.59,0.81,0.69,0.42,0.59,0.49,23.2,23.52,23.4,113.6,117.1,114.67
12/19/2020 9:30,12/19/2020 10:00,108.8,123.6,112.52,0.86,1.17,0.99,0.6,0.78,0.68,0.42,0.6,0.49,23.11,23.39,23.23,113.7,116.4,114.77
12/19/2020 10:00,12/19/2020 10:30,108.3,125.7,112.11,0.86,1.19,0.99,0.58,0.8,0.68,0.39,0.61,0.49,23.09,23.29,23.19,113.4,115.8,114.64
12/19/2020 10:30,12/19/2020 11:00,108.2,120.8,112.99,0.85,1.18,1.02,0.6,0.87,0.7,0.41,0.62,0.51,23.27,23.88,23.41,113.5,115.8,114.78
12/19/2020 11:00,12/19/2020 11:30,103.7,121.9,111.33,0.32,1.19,0.84,0.28,0.82,0.6,0.37,0.59,0.49,23.89,25.72,24.88,71.87,116.3,105.32
12/19/2020 11:30,12/19/2020 12:00,103.7,104.3,104,0.3,0.4,0.35,0.29,0.36,0.32,0.37,0.48,0.42,25.13,25.8,25.55,72.59,77.39,74.12
12/19/2020 12:00,12/19/2020 12:30,104,104.4,104.21,0.3,0.39,0.35,0.29,0.36,0.32,0.37,0.48,0.42,24.31,25.13,24.71,70.49,75.93,73.31
12/19/2020 12:30,12/19/2020 13:00,104.1,104.5,104.31,0.31,0.38,0.35,0.29,0.36,0.32,0.38,0.47,0.42,23.82,24.32,24.05,69.43,73.63,71.45
12/19/2020 13:00,12/19/2020 13:30,104.2,104.6,104.38,0.3,0.39,0.35,0.28,0.36,0.32,0.37,0.48,0.42,23.44,23.83,23.62,69.5,73.26,71.32
12/19/2020 13:30,12/19/2020 14:00,104.2,104.7,104.43,0.31,0.38,0.34,0.28,0.35,0.32,0.38,0.46,0.42,23.18,23.45,23.31,69.49,73.03,71.19
12/19/2020 14:00,12/19/2020 14:30,104.3,104.7,104.49,0.31,0.4,0.35,0.29,0.36,0.32,0.37,0.47,0.42,22.99,23.2,23.08,69.66,73,71.17
12/19/2020 14:30,12/19/2020 15:00,104.3,104.7,104.46,0.3,0.39,0.35,0.29,0.37,0.32,0.36,0.49,0.42,22.8,22.99,22.91,69.64,73.46,71.22
12/19/2020 15:00,12/19/2020 15:30,104.3,104.7,104.49,0.31,0.38,0.35,0.28,0.36,0.32,0.38,0.46,0.42,22.68,22.82,22.74,69.39,73.01,71.19
12/19/2020 15:30,12/19/2020 16:00,104.3,104.7,104.52,0.32,0.38,0.34,0.29,0.35,0.32,0.38,0.45,0.41,22.56,22.69,22.62,69.54,73.14,71.08
12/19/2020 16:00,12/19/2020 16:30,104.3,104.8,104.54,0.31,0.39,0.34,0.28,0.35,0.32,0.38,0.46,0.42,22.46,22.58,22.51,69.74,72.97,71.07
12/19/2020 16:30,12/19/2020 17:00,104.3,104.7,104.52,0.3,0.39,0.35,0.28,0.36,0.32,0.37,0.47,0.42,22.37,22.46,22.42,69.6,72.8,71.02
12/19/2020 17:00,12/19/2020 17:30,104.3,104.8,104.53,0.3,0.4,0.35,0.28,0.35,0.32,0.37,0.47,0.42,22.29,22.38,22.33,69.47,72.75,70.94
12/19/2020 17:30,12/19/2020 18:00,104.3,104.7,104.52,0.29,0.4,0.35,0.29,0.36,0.32,0.36,0.47,0.42,22.2,22.3,22.25,69.71,72.63,70.92
12/19/2020 18:00,12/19/2020 18:30,104.3,104.7,104.53,0.31,0.39,0.35,0.29,0.36,0.32,0.37,0.47,0.42,22.11,22.21,22.16,69.59,72.77,70.83
12/19/2020 18:30,12/19/2020 19:00,104.3,104.8,104.54,0.31,0.38,0.35,0.28,0.35,0.32,0.38,0.46,0.42,22.04,22.13,22.09,62.28,72.66,70.27
12/19/2020 19:00,12/19/2020 19:30,104.3,104.7,104.5,0.31,0.39,0.34,0.28,0.35,0.31,0.38,0.46,0.42,21.99,22.04,22.01,61.68,67.56,64.48
12/19/2020 19:30,12/19/2020 20:00,104.3,104.7,104.48,0.31,0.39,0.35,0.28,0.35,0.31,0.38,0.47,0.42,22.02,22.06,22.04,61.29,67.47,64.48
12/19/2020 20:00,12/19/2020 20:30,104.3,104.7,104.48,0.3,0.39,0.35,0.28,0.36,0.31,0.38,0.47,0.42,22.04,22.13,22.07,61.52,67.06,64.48
12/19/2020 20:30,12/19/2020 21:00,104.3,104.7,104.54,0.31,0.39,0.34,0.28,0.34,0.31,0.37,0.47,0.41,22.11,22.23,22.17,61.7,67.45,64.5
12/19/2020 21:00,12/19/2020 21:30,104.4,104.8,104.57,0.31,0.39,0.35,0.28,0.35,0.32,0.37,0.48,0.42,22.21,22.28,22.25,61.41,67.59,64.46
12/19/2020 21:30,12/19/2020 22:00,104.4,104.8,104.58,0.3,0.4,0.35,0.28,0.36,0.32,0.37,0.47,0.42,22.27,22.35,22.3,61.68,67.97,64.53
12/19/2020 22:00,12/19/2020 22:30,104.4,104.8,104.6,0.31,0.39,0.35,0.28,0.35,0.32,0.37,0.47,0.42,22.33,22.37,22.36,61.42,67.13,64.53
12/19/2020 22:30,12/19/2020 23:00,104.4,104.8,104.61,0.31,0.38,0.35,0.28,0.36,0.31,0.38,0.47,0.42,22.35,22.41,22.38,61.39,67.69,64.56
12/19/2020 23:00,12/19/2020 23:30,104.4,104.8,104.62,0.3,0.38,0.34,0.28,0.35,0.31,0.38,0.47,0.42,22.4,22.43,22.41,61.3,67.98,64.53
12/19/2020 23:30,12/20/2020 0:00,104.4,104.9,104.64,0.31,0.38,0.34,0.27,0.34,0.31,0.38,0.46,0.41,22.41,22.47,22.45,61.33,67.6,64.48
12/20/2020 0:00,12/20/2020 0:30,104.5,104.9,104.69,0.31,0.39,0.35,0.28,0.36,0.32,0.37,0.47,0.42,22.46,22.6,22.55,61.49,68.05,64.5
12/20/2020 0:30,12/20/2020 1:00,104.4,104.9,104.62,0.3,0.38,0.34,0.28,0.35,0.31,0.38,0.45,0.41,22.51,22.57,22.53,61.65,67.74,64.51
12/20/2020 1:00,12/20/2020 1:30,104.4,104.8,104.62,0.31,0.38,0.34,0.28,0.35,0.31,0.38,0.46,0.42,22.51,22.62,22.56,61.63,67.26,64.47
12/20/2020 1:30,12/20/2020 2:00,104.4,104.9,104.63,0.31,0.4,0.35,0.28,0.35,0.31,0.37,0.47,0.42,22.58,22.67,22.64,61.61,67.81,64.47
12/20/2020 2:00,12/20/2020 2:30,104.4,104.8,104.64,0.31,0.39,0.35,0.28,0.35,0.32,0.37,0.48,0.42,22.66,22.78,22.72,61.51,67.75,64.51
12/20/2020 2:30,12/20/2020 3:00,104.5,104.9,104.69,0.31,0.39,0.35,0.28,0.35,0.32,0.37,0.47,0.42,22.78,22.89,22.83,61.5,67.31,64.5
12/20/2020 3:00,12/20/2020 3:30,104.5,105,104.71,0.31,0.39,0.34,0.27,0.34,0.31,0.37,0.48,0.42,22.88,23.06,22.95,61.88,67.72,64.52
12/20/2020 3:30,12/20/2020 4:00,104.6,105,104.76,0.31,0.39,0.35,0.28,0.35,0.32,0.36,0.48,0.42,23.05,23.17,23.11,61.81,67.8,64.56
12/20/2020 4:00,12/20/2020 4:30,104.6,105,104.79,0.3,0.39,0.35,0.27,0.35,0.32,0.37,0.47,0.42,23.16,23.26,23.21,61.59,68.02,64.56
12/20/2020 4:30,12/20/2020 5:00,104.6,105,104.77,0.3,0.38,0.34,0.28,0.35,0.31,0.38,0.46,0.42,23.25,23.37,23.32,61.44,67.83,64.58
12/20/2020 5:00,12/20/2020 5:30,104.6,105,104.78,0.31,0.37,0.34,0.28,0.34,0.31,0.39,0.44,0.41,23.36,23.44,23.4,61.65,67.99,64.56
12/20/2020 5:30,12/20/2020 6:00,104.6,105,104.75,0.31,0.37,0.34,0.28,0.34,0.31,0.38,0.44,0.41,23.43,23.48,23.46,61.7,67.49,64.55
12/20/2020 6:00,12/20/2020 6:30,104.5,104.9,104.71,0.3,0.37,0.34,0.28,0.34,0.31,0.38,0.44,0.41,23.47,23.52,23.49,61.75,67.47,64.56
12/20/2020 6:30,12/20/2020 7:00,104.5,104.9,104.66,0.31,0.38,0.34,0.28,0.35,0.31,0.38,0.46,0.42,23.49,23.52,23.51,61.7,67.72,64.53
12/20/2020 7:00,12/20/2020 7:30,104.4,104.9,104.63,0.31,0.38,0.35,0.28,0.35,0.32,0.37,0.47,0.42,23.48,23.51,23.5,61.79,67.64,64.51
12/20/2020 7:30,12/20/2020 8:00,104.4,104.9,104.63,0.31,0.39,0.35,0.28,0.36,0.32,0.37,0.48,0.42,23.49,23.52,23.5,61.32,67.32,64.57
12/20/2020 8:00,12/20/2020 8:30,104.4,104.8,104.6,0.31,0.39,0.35,0.28,0.36,0.32,0.36,0.47,0.42,23.48,23.52,23.5,61.45,67.81,64.53
12/20/2020 8:30,12/20/2020 9:00,104.4,104.8,104.56,0.31,0.4,0.35,0.28,0.36,0.32,0.36,0.48,0.42,23.44,23.5,23.47,61.82,67.58,64.57
12/20/2020 9:00,12/20/2020 9:30,104.3,104.8,104.54,0.31,0.39,0.35,0.28,0.35,0.32,0.37,0.47,0.42,23.41,23.46,23.44,61.74,67.8,64.54
12/20/2020 9:30,12/20/2020 10:00,104.3,104.7,104.5,0.31,0.39,0.35,0.28,0.35,0.31,0.38,0.47,0.42,23.4,23.43,23.41,61.78,67.24,64.51
12/20/2020 10:00,12/20/2020 10:30,104.3,104.7,104.5,0.31,0.38,0.34,0.28,0.35,0.31,0.38,0.45,0.42,23.34,23.41,23.38,61.66,67.64,64.55
12/20/2020 10:30,12/20/2020 11:00,104.3,104.7,104.48,0.31,0.38,0.34,0.28,0.34,0.31,0.38,0.45,0.41,23.33,23.36,23.35,61.73,67.5,64.49
12/20/2020 11:00,12/20/2020 11:30,104.3,104.7,104.45,0.3,0.38,0.34,0.28,0.35,0.31,0.39,0.45,0.42,23.3,23.35,23.32,61.68,68.32,64.55
12/20/2020 11:30,12/20/2020 12:00,104.3,104.7,104.45,0.3,0.38,0.34,0.28,0.35,0.31,0.38,0.46,0.42,23.28,23.31,23.3,61.64,67.18,64.52
12/20/2020 12:00,12/20/2020 12:30,104.3,104.7,104.49,0.31,0.37,0.34,0.28,0.35,0.31,0.39,0.45,0.41,23.29,23.33,23.3,62.14,68.77,65.13
12/20/2020 12:30,12/20/2020 13:00,104.2,104.8,104.47,0.31,0.38,0.34,0.28,0.35,0.31,0.39,0.46,0.42,23.26,23.3,23.28,62.59,67.98,65.28
12/20/2020 13:00,12/20/2020 13:30,104.3,104.7,104.49,0.31,0.39,0.35,0.28,0.36,0.32,0.37,0.47,0.42,23.2,23.27,23.24,62.79,68.14,65.28
12/20/2020 13:30,12/20/2020 14:00,104.2,104.6,104.44,0.31,0.39,0.35,0.28,0.36,0.32,0.37,0.47,0.42,23.14,23.21,23.18,62.99,68.14,65.23
12/20/2020 14:00,12/20/2020 14:30,104.2,104.7,104.42,0.3,0.39,0.35,0.28,0.36,0.32,0.35,0.47,0.42,23.1,23.17,23.13,62.88,67.96,65.33
12/20/2020 14:30,12/20/2020 15:00,104.2,104.6,104.39,0.31,0.39,0.35,0.28,0.36,0.32,0.36,0.47,0.42,23.01,23.12,23.08,63.11,68.77,65.45
12/20/2020 15:00,12/20/2020 15:30,104.1,104.5,104.31,0.31,0.38,0.34,0.28,0.35,0.31,0.38,0.46,0.41,22.9,23.02,22.96,63.27,68.41,65.66
12/20/2020 15:30,12/20/2020 16:00,104,104.5,104.26,0.3,0.4,0.35,0.28,0.35,0.32,0.36,0.48,0.42,22.77,22.91,22.84,63.29,68.7,65.93
12/20/2020 16:00,12/20/2020 16:30,104,104.4,104.23,0.31,0.4,0.35,0.27,0.36,0.32,0.37,0.47,0.42,22.66,22.77,22.73,63.53,68.52,65.94
12/20/2020 16:30,12/20/2020 17:00,104,104.4,104.19,0.31,0.38,0.34,0.28,0.34,0.31,0.38,0.46,0.41,22.54,22.67,22.61,63.85,68.52,65.93
12/20/2020 17:00,12/20/2020 17:30,104,104.4,104.19,0.31,0.39,0.35,0.28,0.35,0.32,0.38,0.47,0.42,22.48,22.56,22.51,63.61,69.07,66.05
12/20/2020 17:30,12/20/2020 18:00,104,104.4,104.2,0.31,0.39,0.35,0.28,0.35,0.32,0.37,0.47,0.42,22.41,22.49,22.44,63.72,69.1,66.11
12/20/2020 18:00,12/20/2020 18:30,104,104.5,104.2,0.31,0.39,0.35,0.28,0.36,0.32,0.36,0.48,0.42,22.29,22.42,22.35,63.47,69.34,66.14
12/20/2020 18:30,12/20/2020 19:00,104,104.4,104.21,0.31,0.39,0.35,0.28,0.34,0.32,0.37,0.46,0.42,22.21,22.3,22.26,63.91,69.36,66.21
12/20/2020 19:00,12/20/2020 19:30,104,104.4,104.21,0.31,0.38,0.35,0.29,0.36,0.32,0.38,0.46,0.42,22.04,22.23,22.14,64.37,71.9,69.39
12/20/2020 19:30,12/20/2020 20:00,104.1,123.5,113.47,0.32,1.18,0.87,0.29,0.81,0.64,0.39,0.59,0.48,20.61,22.05,21.18,68.51,115.4,108.81
12/20/2020 20:00,12/20/2020 20:30,109.2,126.6,114.16,0.81,1.25,0.94,0.6,0.84,0.68,0.41,0.58,0.49,20.62,22.38,21.22,113.2,116.1,114.4
12/20/2020 20:30,12/20/2020 21:00,105.2,122.2,113.42,0.41,1.19,0.91,0.37,0.77,0.65,0.39,0.59,0.48,21.84,23,22.3,101.1,116.5,114.3
12/20/2020 21:00,12/20/2020 21:30,108.1,122.7,112.92,0.77,1.21,0.93,0.57,0.75,0.65,0.39,0.56,0.48,21.92,23.54,22.32,113.4,116.4,114.66
12/20/2020 21:30,12/20/2020 22:00,109,126.1,113.39,0.8,1.11,0.92,0.56,0.76,0.66,0.4,0.57,0.48,22.78,23.76,23.2,114.4,117.8,115.99
12/20/2020 22:00,12/20/2020 22:30,108.9,124.8,112.98,0.79,1.12,0.91,0.57,0.83,0.65,0.41,0.62,0.48,22.95,23.2,23.07,114.5,117,115.74
12/20/2020 22:30,12/20/2020 23:00,108.9,126.2,112.66,0.79,1.15,0.93,0.57,0.77,0.65,0.4,0.6,0.48,22.63,23.1,22.77,114.6,118.2,116.6
12/20/2020 23:00,12/20/2020 23:30,108.5,120.3,112.37,0.78,1.13,0.91,0.56,0.75,0.65,0.4,0.58,0.48,22.45,22.75,22.59,115.3,118.4,116.82
12/20/2020 23:30,12/21/2020 0:00,108.4,120,111.88,0.8,1.18,0.91,0.56,0.75,0.64,0.4,0.57,0.48,22.11,22.46,22.29,115.7,118.8,117
12/21/2020 0:00,12/21/2020 0:30,109,117.5,111.58,0.8,1.08,0.9,0.54,0.75,0.63,0.4,0.59,0.48,22.11,22.33,22.24,116.2,118.4,117.25
12/21/2020 0:30,12/21/2020 1:00,109.4,114.7,111.33,0.79,1.02,0.9,0.54,0.74,0.62,0.42,0.58,0.48,22.3,22.56,22.45,116.8,118.8,117.62
12/21/2020 1:00,12/21/2020 1:30,103.8,113.4,105.4,0.32,0.99,0.42,0.29,0.69,0.36,0.38,0.57,0.44,23.71,24.82,24.52,69.06,117.4,80.35
12/21/2020 1:30,12/21/2020 2:00,104.1,116.9,105.67,0.3,1.07,0.43,0.29,0.72,0.37,0.38,0.59,0.43,23.66,24.62,24.24,69.22,116.5,78.09
12/21/2020 2:00,12/21/2020 2:30,109.2,124.3,113.9,0.79,1.09,0.91,0.54,0.79,0.66,0.4,0.58,0.49,22.51,23.65,22.78,112.5,116.7,114.32
12/21/2020 2:30,12/21/2020 3:00,108.8,133.9,112.89,0.79,1.1,0.92,0.57,0.76,0.65,0.41,0.6,0.49,22.5,22.74,22.63,113.2,117.7,114.74
12/21/2020 3:00,12/21/2020 3:30,109,124.1,113.11,0.81,1.09,0.94,0.57,0.77,0.66,0.42,0.63,0.49,22.59,22.97,22.72,113,115.8,114.14
12/21/2020 3:30,12/21/2020 4:00,109,121.7,112.61,0.8,1.14,0.93,0.54,0.82,0.65,0.41,0.69,0.49,22.97,23.59,23.29,113.2,115.2,114.2
12/21/2020 4:00,12/21/2020 4:30,109.2,122.3,112.02,0.79,1.08,0.92,0.54,0.75,0.64,0.41,0.6,0.49,23.07,23.27,23.17,113.2,115.9,114.27
12/21/2020 4:30,12/21/2020 5:00,109.2,126.6,112.31,0.79,1.11,0.91,0.54,0.76,0.64,0.41,0.61,0.49,23.25,23.43,23.33,113.5,116.5,114.56
12/21/2020 5:00,12/21/2020 5:30,108.9,120.3,112.83,0.79,1.16,0.92,0.57,0.77,0.65,0.41,0.58,0.49,23.41,23.78,23.57,113.4,117.9,114.79
12/21/2020 5:30,12/21/2020 6:00,108.6,118,111.58,0.8,1.18,0.92,0.53,0.77,0.63,0.42,0.61,0.49,23.35,23.83,23.54,113.1,115.8,114.32
12/21/2020 6:00,12/21/2020 6:30,108.8,121.5,112.2,0.82,1.13,0.93,0.54,0.75,0.64,0.43,0.59,0.49,23.25,23.61,23.35,113.1,116.6,114.45
12/21/2020 6:30,12/21/2020 7:00,109.1,122.3,112.6,0.8,1.07,0.92,0.55,0.77,0.65,0.41,0.62,0.49,23.6,23.94,23.78,113,116,114.43
12/21/2020 7:00,12/21/2020 7:30,108.5,124.4,112.24,0.8,1.12,0.93,0.56,0.82,0.64,0.4,0.6,0.5,23.71,24.07,23.87,113,116.2,114.19
12/21/2020 7:30,12/21/2020 8:00,108.8,120.8,112.54,0.84,1.15,0.94,0.56,0.77,0.65,0.42,0.6,0.49,23.3,23.82,23.45,112.9,115.6,114.13
12/21/2020 8:00,12/21/2020 8:30,109,123.2,112.51,0.83,1.13,0.96,0.55,0.79,0.64,0.41,0.62,0.5,23.29,23.49,23.38,113,116.2,114.15
12/21/2020 8:30,12/21/2020 9:00,108.3,121.9,112.31,0.82,1.13,0.93,0.55,0.79,0.64,0.42,0.6,0.49,23.39,23.73,23.56,112.9,116.5,114.19
12/21/2020 9:00,12/21/2020 9:30,103.5,125,109.24,0.3,1.13,0.69,0.29,0.77,0.51,0.37,0.59,0.47,23.72,25.77,24.77,70.74,115.5,97.45
12/21/2020 9:30,12/21/2020 10:00,103.7,139.8,105.47,0.31,1.15,0.42,0.29,0.82,0.36,0.38,0.57,0.43,25.11,25.81,25.61,67.7,117.2,75.31
12/21/2020 10:00,12/21/2020 10:30,109.1,124.5,113.78,0.81,1.14,0.94,0.55,0.85,0.66,0.4,0.6,0.49,23.88,25.11,24.18,113.1,117.2,114.85
12/21/2020 10:30,12/21/2020 11:00,109.5,124.2,113.85,0.88,1.13,0.98,0.58,0.8,0.67,0.42,0.59,0.5,23.75,24.04,23.88,113.2,117.2,114.58
12/21/2020 11:00,12/21/2020 11:30,103.4,125,110.07,0.31,1.12,0.74,0.28,0.78,0.54,0.37,0.6,0.47,23.76,24.33,23.92,71.11,115.8,101.06
12/21/2020 11:30,12/21/2020 12:00,103.5,104.2,103.88,0.31,0.39,0.35,0.29,0.36,0.32,0.37,0.47,0.42,23.88,24.36,24.16,70.73,74.57,72.78
12/21/2020 12:00,12/21/2020 12:30,103.8,104.6,104.22,0.31,0.39,0.35,0.28,0.35,0.32,0.38,0.47,0.42,23.66,23.88,23.72,67.97,72.05,69.63
12/21/2020 12:30,12/21/2020 13:00,104.3,104.7,104.53,0.31,0.39,0.35,0.29,0.36,0.32,0.38,0.47,0.42,23.43,23.69,23.56,67.91,71.5,69.27
12/21/2020 13:00,12/21/2020 13:30,104.4,104.8,104.57,0.31,0.38,0.34,0.27,0.35,0.32,0.39,0.45,0.42,23.2,23.44,23.32,67.99,71.55,69.33
12/21/2020 13:30,12/21/2020 14:00,104.4,104.8,104.6,0.31,0.41,0.35,0.28,0.36,0.32,0.38,0.47,0.42,23.02,23.22,23.11,67.72,70.9,69.11
12/21/2020 14:00,12/21/2020 14:30,104.4,104.8,104.61,0.31,0.39,0.35,0.28,0.36,0.32,0.37,0.48,0.42,22.86,23.03,22.94,67.47,71.53,69
12/21/2020 14:30,12/21/2020 15:00,104.4,104.8,104.6,0.31,0.39,0.35,0.29,0.36,0.32,0.37,0.47,0.42,22.71,22.87,22.79,67.62,70.94,68.92
12/21/2020 15:00,12/21/2020 15:30,104.4,104.8,104.61,0.31,0.38,0.34,0.28,0.35,0.32,0.39,0.45,0.42,22.57,22.72,22.65,67.76,70.76,68.92
12/21/2020 15:30,12/21/2020 16:00,104.4,104.8,104.61,0.31,0.38,0.34,0.29,0.35,0.32,0.39,0.46,0.42,22.45,22.58,22.51,67.6,70.7,68.95
12/21/2020 16:00,12/21/2020 16:30,104.4,104.8,104.61,0.31,0.39,0.35,0.28,0.36,0.32,0.37,0.47,0.42,22.34,22.46,22.4,67.71,70.84,69.04
12/21/2020 16:30,12/21/2020 17:00,104.4,104.8,104.57,0.31,0.39,0.35,0.28,0.36,0.32,0.37,0.48,0.42,22.13,22.35,22.24,67.72,71.19,69.08
12/21/2020 17:00,12/21/2020 17:30,104.3,104.7,104.53,0.31,0.38,0.34,0.29,0.35,0.32,0.38,0.47,0.42,21.99,22.14,22.06,67.62,71.13,69.03
12/21/2020 17:30,12/21/2020 18:00,104.3,104.7,104.53,0.31,0.4,0.35,0.28,0.36,0.32,0.37,0.47,0.42,21.89,22,21.96,67.54,71.21,69.02
12/21/2020 18:00,12/21/2020 18:30,104.3,104.8,104.52,0.3,0.39,0.35,0.28,0.36,0.32,0.36,0.48,0.42,21.77,21.91,21.84,67.6,71.11,69.01
12/21/2020 18:30,12/21/2020 19:00,104.3,104.7,104.51,0.31,0.39,0.35,0.28,0.36,0.32,0.37,0.47,0.42,21.67,21.78,21.72,67.48,70.89,68.93
12/21/2020 19:00,12/21/2020 19:30,104.4,104.8,104.54,0.31,0.39,0.35,0.28,0.35,0.32,0.37,0.47,0.42,21.62,21.68,21.65,67.55,71.74,68.94
12/21/2020 19:30,12/21/2020 20:00,104.5,128.4,114.28,0.31,1.09,0.91,0.31,0.78,0.64,0.38,0.58,0.49,21,21.64,21.2,67.65,119,113.77
12/21/2020 20:00,12/21/2020 20:30,108.9,131.3,115.17,0.78,1.12,0.94,0.57,0.81,0.68,0.41,0.61,0.49,21.36,22.28,21.92,115,117.5,116.3
12/21/2020 20:30,12/21/2020 21:00,109.2,138,114.25,0.8,1.22,0.93,0.58,0.81,0.67,0.41,0.58,0.49,22.28,22.91,22.68,114.8,118.5,116.49
12/21/2020 21:00,12/21/2020 21:30,103.6,121.7,111.98,0.31,1.14,0.82,0.29,0.8,0.59,0.38,0.65,0.48,22.86,24.87,23.65,72.25,117.4,109.06
12/21/2020 21:30,12/21/2020 22:00,109.7,127.9,114.58,0.79,1.11,0.95,0.58,0.89,0.67,0.41,0.6,0.5,23.2,24.92,23.96,114.6,118.1,116.07
12/21/2020 22:00,12/21/2020 22:30,110.1,126.9,114.43,0.82,1.16,0.95,0.59,0.81,0.67,0.42,0.61,0.49,22.86,23.28,23,114.4,118.8,115.96
12/21/2020 22:30,12/21/2020 23:00,108.9,129.4,114.28,0.84,1.15,0.94,0.58,0.81,0.68,0.43,0.59,0.49,22.86,23.05,22.96,114.6,117,115.87
12/21/2020 23:00,12/21/2020 23:30,109.3,126.8,113.44,0.78,1.15,0.93,0.57,0.78,0.67,0.4,0.61,0.49,22.99,23.55,23.24,114.6,117.6,115.72
12/21/2020 23:30,12/22/2020 0:00,109.2,142.7,113.79,0.8,1.11,0.93,0.58,0.84,0.67,0.41,0.58,0.49,23.46,23.91,23.65,114,117.7,115.54
12/22/2020 0:00,12/22/2020 0:30,109.2,120.6,113.37,0.8,1.1,0.92,0.56,0.77,0.66,0.41,0.6,0.49,23.9,24.32,24.16,114.5,117.1,115.67
12/22/2020 0:30,12/22/2020 1:00,109.7,120.4,113.24,0.82,1.1,0.94,0.56,0.8,0.64,0.43,0.61,0.5,23.93,24.44,24.19,114.3,117.4,115.87
12/22/2020 1:00,12/22/2020 1:30,109.8,117.8,112.61,0.87,1.07,0.96,0.56,0.73,0.64,0.44,0.59,0.51,23.86,24.19,24.03,115.2,117.8,116.59
12/22/2020 1:30,12/22/2020 2:00,103.7,122.4,109.43,0.32,1.13,0.7,0.29,0.76,0.51,0.38,0.59,0.47,23.75,24.74,24.21,71.34,117.5,99.94
12/22/2020 2:00,12/22/2020 2:30,103.6,122,109.13,0.32,1.08,0.67,0.29,0.75,0.49,0.39,0.58,0.46,23.3,24.74,24.19,70.87,116.9,95.63
12/22/2020 2:30,12/22/2020 3:00,110.3,127,113.89,0.86,1.13,0.96,0.57,0.77,0.65,0.43,0.58,0.5,23.33,23.97,23.69,113.7,116.6,115.18
12/22/2020 3:00,12/22/2020 3:30,106.7,143.3,113.57,0.51,1.11,0.95,0.4,0.8,0.65,0.42,0.63,0.51,23.36,24.22,23.77,109.5,115.9,114.42
12/22/2020 3:30,12/22/2020 4:00,103.9,121.4,105.93,0.31,1.06,0.47,0.29,0.76,0.39,0.36,0.58,0.44,22.78,23.52,22.94,69.84,115.3,82.92
12/22/2020 4:00,12/22/2020 4:30,103.9,104.6,104.12,0.3,0.4,0.35,0.29,0.36,0.32,0.36,0.48,0.42,22.51,22.8,22.61,71,95.03,72.74
12/22/2020 4:30,12/22/2020 5:00,104,104.7,104.26,0.31,0.39,0.35,0.29,0.36,0.32,0.37,0.48,0.42,22.36,22.54,22.46,71.03,74.73,72.39
12/22/2020 5:00,12/22/2020 5:30,104,104.8,104.33,0.3,0.4,0.35,0.29,0.37,0.33,0.37,0.48,0.42,22.34,22.48,22.4,70.87,80.89,73.24
12/22/2020 5:30,12/22/2020 6:00,104.1,104.8,104.44,0.3,0.39,0.35,0.29,0.36,0.33,0.36,0.48,0.42,22.45,22.59,22.52,70.84,77.79,73.84
12/22/2020 6:00,12/22/2020 6:30,104.1,104.8,104.38,0.31,0.39,0.35,0.28,0.36,0.32,0.37,0.48,0.42,22.41,22.53,22.48,71.06,77.49,72.4
12/22/2020 6:30,12/22/2020 7:00,104.1,121.2,105.43,0.3,1.09,0.42,0.29,0.76,0.36,0.37,0.59,0.43,22.46,22.78,22.59,71.41,116.5,79.98
12/22/2020 7:00,12/22/2020 7:30,109.6,125.5,114.52,0.8,1.12,0.94,0.54,0.8,0.66,0.41,0.63,0.5,22.73,23.06,22.86,113,116.6,114.56
12/22/2020 7:30,12/22/2020 8:00,103.3,128.7,112.73,0.31,1.18,0.86,0.3,0.85,0.62,0.37,0.61,0.49,22.9,23.86,23.18,70.8,115.9,109.5
12/22/2020 8:00,12/22/2020 8:30,86.36,132.2,103.14,0.3,26.41,0.44,0.28,22.89,0.4,0.37,31.37,0.53,23.32,24.23,23.9,68.12,101.5,72.92
12/22/2020 8:30,12/22/2020 9:00,98.43,99.12,98.59,0.31,0.39,0.35,0.28,0.37,0.32,0.37,0.47,0.42,23.33,24.05,23.72,68.05,75.32,69.89
12/22/2020 9:00,12/22/2020 9:30,98.52,98.77,98.64,0.3,0.47,0.35,0.28,0.58,0.32,0.36,0.48,0.42,23.83,24.08,23.97,68.45,76.15,70.17
12/22/2020 9:30,12/22/2020 10:00,98.55,98.9,98.68,0.3,0.46,0.35,0.28,0.63,0.32,0.37,0.7,0.42,24,24.45,24.17,68.89,89.52,70.82
12/22/2020 10:00,12/22/2020 10:30,77.73,125.1,98.74,0.3,18.39,0.45,0.28,10.03,0.39,0.36,22.85,0.52,24.35,24.52,24.42,68.29,99.68,72.22
12/22/2020 10:30,12/22/2020 11:00,77.83,276.9,98.71,0.31,30.08,0.39,0.28,25.06,0.36,0.37,41.75,0.48,24.2,24.59,24.37,68.2,105.2,72.38
12/22/2020 11:00,12/22/2020 11:30,98.26,181.8,102.14,0.31,17.69,0.53,0.28,15.25,0.41,0.37,21.11,0.48,22.18,24.33,23.79,66.12,122.3,81.56
12/22/2020 11:30,12/22/2020 12:00,103.6,110.1,104.52,0.31,1.14,0.44,0.28,0.61,0.35,0.36,0.63,0.44,20.42,22.16,20.95,67.16,116.9,80.31
12/22/2020 12:00,12/22/2020 12:30,103.7,104.5,104.03,0.31,0.39,0.35,0.28,0.35,0.32,0.37,0.47,0.42,21.25,22.01,21.71,67.23,70.35,68.51
12/22/2020 12:30,12/22/2020 13:00,104.2,104.7,104.48,0.31,0.38,0.35,0.28,0.35,0.32,0.37,0.47,0.42,21.94,22.04,22,66.94,70.61,68.52
12/22/2020 13:00,12/22/2020 13:30,104.3,104.8,104.53,0.31,0.39,0.35,0.27,0.36,0.32,0.38,0.47,0.42,21.83,21.95,21.89,65.71,70.19,67.73
12/22/2020 13:30,12/22/2020 14:00,104.3,104.7,104.53,0.31,0.39,0.34,0.28,0.35,0.31,0.39,0.46,0.42,21.77,21.84,21.8,65.46,69.75,67.3
12/22/2020 14:00,12/22/2020 14:30,104.3,104.7,104.52,0.32,0.38,0.34,0.28,0.34,0.31,0.39,0.45,0.42,21.73,21.78,21.75,65.15,69.61,67.15
12/22/2020 14:30,12/22/2020 15:00,104.3,104.7,104.5,0.31,0.38,0.34,0.28,0.35,0.31,0.39,0.44,0.41,21.71,21.74,21.73,65.59,69.66,67.22
12/22/2020 15:00,12/22/2020 15:30,104.3,104.7,104.5,0.31,0.38,0.34,0.28,0.34,0.31,0.38,0.44,0.41,21.72,21.75,21.74,65.58,70.03,67.51
12/22/2020 15:30,12/22/2020 16:00,104.3,104.7,104.48,0.31,0.37,0.34,0.28,0.34,0.31,0.39,0.45,0.41,21.71,21.74,21.72,65.97,69.47,67.53
12/22/2020 16:00,12/22/2020 16:30,104.3,104.7,104.47,0.31,0.38,0.34,0.28,0.34,0.31,0.38,0.45,0.41,21.7,21.73,21.72,65.82,69.36,67.54
12/22/2020 16:30,12/22/2020 17:00,104.3,104.7,104.47,0.31,0.37,0.34,0.27,0.34,0.31,0.39,0.44,0.41,21.72,21.73,21.73,65.68,69.52,67.53
12/22/2020 17:00,12/22/2020 17:30,104.3,104.6,104.43,0.31,0.38,0.34,0.28,0.35,0.31,0.39,0.45,0.42,21.7,21.73,21.71,66,70.19,67.6
12/22/2020 17:30,12/22/2020 18:00,104.2,104.7,104.43,0.31,0.38,0.35,0.28,0.35,0.31,0.38,0.46,0.42,21.67,21.72,21.69,66.14,70.49,67.66
12/22/2020 18:00,12/22/2020 18:30,104.2,104.7,104.42,0.31,0.38,0.35,0.28,0.35,0.31,0.38,0.47,0.42,21.66,21.69,21.67,66.03,69.89,67.8
12/22/2020 18:30,12/22/2020 19:00,104.2,104.6,104.4,0.3,0.39,0.35,0.28,0.35,0.32,0.37,0.47,0.42,21.62,21.67,21.64,66.29,69.82,67.84
12/22/2020 19:00,12/22/2020 19:30,104.2,104.6,104.39,0.31,0.39,0.35,0.28,0.36,0.32,0.37,0.47,0.42,21.58,21.64,21.61,66.41,71.35,68.01
12/22/2020 19:30,12/22/2020 20:00,104.2,135.9,108.39,0.32,1.55,0.88,0.29,0.85,0.53,0.37,0.66,0.56,20.46,21.59,20.75,66.84,115.7,108.08
12/22/2020 20:00,12/22/2020 20:30,105.6,108.7,106.9,0.68,0.88,0.76,0.44,0.6,0.52,0.5,0.66,0.57,20.53,20.74,20.62,109.9,112.5,111.13
12/22/2020 20:30,12/22/2020 21:00,103.5,134.4,106.85,0.31,1.62,0.64,0.29,0.92,0.48,0.37,0.67,0.52,20.65,21.72,21.1,66.91,125.8,100.49
12/22/2020 21:00,12/22/2020 21:30,102.5,122.9,105.42,0.31,1.03,0.65,0.29,0.84,0.47,0.37,0.67,0.53,20.16,21.76,20.62,66.96,121.5,102.89
12/22/2020 21:30,12/22/2020 22:00,103.1,130,106.78,0.31,1.64,0.65,0.29,0.8,0.47,0.37,0.78,0.52,21.74,22.88,22.13,66.4,118.6,102.32
12/22/2020 22:00,12/22/2020 22:30,105,107.1,105.7,0.35,0.49,0.42,0.32,0.47,0.4,0.38,0.5,0.43,22.57,24.1,23.14,93.7,104.5,96.03
12/22/2020 22:30,12/22/2020 23:00,103.4,761.5,108.16,0.31,4.1,0.72,0.29,1.62,0.47,0.37,0.76,0.51,21.08,22.57,21.68,67.44,138.8,99.42
12/22/2020 23:00,12/22/2020 23:30,103.5,145.8,107.31,0.32,1.41,0.7,0.28,0.94,0.53,0.38,0.73,0.56,21.16,22.1,21.61,67.57,125.1,106.28
12/22/2020 23:30,12/23/2020 0:00,104.8,232.7,108.1,0.64,1.87,0.78,0.47,1.1,0.61,0.52,0.72,0.59,20.94,21.4,21.21,110.7,131.4,113.76
12/23/2020 0:00,12/23/2020 0:30,104.6,228.4,107.34,0.61,1.68,0.76,0.47,1.01,0.61,0.51,0.74,0.59,20.91,21.84,21.24,111.8,127,113.93
12/23/2020 0:30,12/23/2020 1:00,105.6,132.4,107.84,0.65,1.04,0.75,0.46,0.93,0.61,0.52,0.68,0.59,21.84,22.51,22.26,112.5,119.9,114.25
12/23/2020 1:00,12/23/2020 1:30,105.7,120.3,107.19,0.62,0.94,0.73,0.46,0.9,0.58,0.51,0.67,0.59,22.19,22.96,22.46,112.4,116.3,114.31
12/23/2020 1:30,12/23/2020 2:00,105.6,112.3,107.21,0.63,0.89,0.73,0.47,0.91,0.6,0.51,0.71,0.59,22.11,22.24,22.18,113,117.3,114.44
12/23/2020 2:00,12/23/2020 2:30,105.9,113.5,107.36,0.63,0.95,0.74,0.47,0.86,0.58,0.51,0.72,0.59,22.08,22.37,22.17,112.7,118.4,114.41
12/23/2020 2:30,12/23/2020 3:00,106,139.4,107.96,0.63,1.15,0.75,0.46,0.89,0.6,0.52,0.68,0.59,22.37,23.26,22.83,112.6,127.2,114.44
12/23/2020 3:00,12/23/2020 3:30,103.6,117.8,107.51,0.32,0.9,0.7,0.3,0.89,0.52,0.38,0.68,0.56,22.69,23.12,22.95,67.22,117.6,111.06
12/23/2020 3:30,12/23/2020 4:00,103.5,111.8,105.81,0.31,1.39,0.56,0.28,0.73,0.43,0.36,0.67,0.5,22.79,23.67,23.25,67.51,117.2,92.99
12/23/2020 4:00,12/23/2020 4:30,105.8,132.9,107.61,0.63,0.9,0.74,0.47,0.96,0.63,0.52,0.66,0.59,22.7,23.67,22.98,112,117.5,113.79
12/23/2020 4:30,12/23/2020 5:00,105.9,145.9,108.02,0.63,1.27,0.75,0.48,0.97,0.63,0.5,0.71,0.59,22.74,22.98,22.86,111.7,120.2,114.14
12/23/2020 5:00,12/23/2020 5:30,106,128.4,107.59,0.61,1.15,0.74,0.46,0.96,0.62,0.51,0.71,0.59,22.97,23.28,23.13,111.7,119.5,113.54
12/23/2020 5:30,12/23/2020 6:00,106.1,111.5,107.67,0.59,0.89,0.74,0.47,0.81,0.57,0.52,0.68,0.59,23.03,23.51,23.17,111.1,115.9,113.12
12/23/2020 6:00,12/23/2020 6:30,103.6,125,106.75,0.32,1.4,0.68,0.3,0.89,0.5,0.38,0.69,0.55,23.51,24.8,24.21,66.53,121.6,106.86
12/23/2020 6:30,12/23/2020 7:00,105.8,125.9,107.74,0.63,0.99,0.75,0.45,0.97,0.6,0.51,0.68,0.58,23.3,23.71,23.39,109.7,120.1,112.61
12/23/2020 7:00,12/23/2020 7:30,105.9,114.3,107.77,0.63,0.92,0.76,0.46,1.04,0.62,0.51,0.69,0.58,23.6,24.1,23.79,110,115.8,112.75
12/23/2020 7:30,12/23/2020 8:00,105.7,114,107.75,0.63,1.03,0.75,0.44,1,0.62,0.52,0.68,0.58,23.51,23.74,23.62,110.3,115.4,112.62
12/23/2020 8:00,12/23/2020 8:30,103.4,113.7,106.57,0.32,0.86,0.7,0.29,0.75,0.49,0.39,0.67,0.55,23.29,24.55,23.75,66.93,113.9,108.39
12/23/2020 8:30,12/23/2020 9:00,103.4,103.8,103.58,0.3,0.39,0.35,0.28,0.35,0.32,0.37,0.48,0.42,24.56,24.89,24.77,67.09,72.48,68.81
12/23/2020 9:00,12/23/2020 9:30,103.4,104.1,103.74,0.31,0.38,0.35,0.28,0.35,0.32,0.38,0.47,0.42,24.03,24.61,24.3,67.12,79.09,69.05
12/23/2020 9:30,12/23/2020 10:00,103.6,104.2,103.97,0.31,0.39,0.35,0.28,0.36,0.32,0.37,0.48,0.42,23.89,24.06,24,67.54,73.82,69.32
12/23/2020 10:00,12/23/2020 10:30,103.8,113.2,105.58,0.3,1.37,0.53,0.28,0.74,0.4,0.37,1.01,0.47,23.18,23.9,23.78,68.18,117.4,83.16
12/23/2020 10:30,12/23/2020 11:00,103.5,113.9,106.54,0.31,1.39,0.66,0.29,0.72,0.47,0.37,1.08,0.53,22.44,23.83,23.02,68.19,115,102.52
12/23/2020 11:00,12/23/2020 11:30,103.7,116,106.35,0.32,0.87,0.67,0.29,0.66,0.49,0.38,0.67,0.55,22.99,23.96,23.43,67.16,113.4,108.27
12/23/2020 11:30,12/23/2020 12:00,103.6,104.1,103.86,0.31,0.4,0.35,0.28,0.36,0.32,0.36,0.49,0.42,23.96,24.39,24.29,67.84,72.71,69.63
12/23/2020 12:00,12/23/2020 12:30,103.7,104.4,104.04,0.3,0.4,0.35,0.28,0.36,0.32,0.37,0.47,0.42,23.91,24.23,24.03,69.07,72.68,70.69
12/23/2020 12:30,12/23/2020 13:00,104.1,104.6,104.37,0.31,0.4,0.35,0.28,0.35,0.32,0.38,0.48,0.42,23.83,24.04,23.95,69.28,72.18,70.56
12/23/2020 13:00,12/23/2020 13:30,104.2,104.7,104.43,0.31,0.38,0.34,0.28,0.35,0.32,0.38,0.46,0.42,23.59,23.83,23.7,69.52,72.65,70.8
12/23/2020 13:30,12/23/2020 14:00,104.3,104.7,104.45,0.31,0.38,0.35,0.28,0.35,0.32,0.39,0.47,0.42,23.43,23.6,23.51,69.75,72.6,71.11
12/23/2020 14:00,12/23/2020 14:30,104.3,104.7,104.45,0.31,0.39,0.35,0.28,0.36,0.32,0.38,0.47,0.42,23.31,23.44,23.38,69.95,72.89,71.24
12/23/2020 14:30,12/23/2020 15:00,104.2,104.7,104.44,0.3,0.4,0.35,0.29,0.35,0.32,0.36,0.49,0.42,23.19,23.32,23.26,70.14,73.07,71.32
12/23/2020 15:00,12/23/2020 15:30,104.2,104.7,104.44,0.3,0.39,0.35,0.28,0.36,0.32,0.36,0.48,0.42,23.08,23.2,23.14,69.67,72.71,71.07
12/23/2020 15:30,12/23/2020 16:00,104.2,104.7,104.41,0.31,0.38,0.35,0.28,0.36,0.32,0.38,0.47,0.42,22.94,23.09,23.02,69.21,72.67,70.77
12/23/2020 16:00,12/23/2020 16:30,104.2,104.6,104.42,0.31,0.38,0.34,0.28,0.35,0.31,0.39,0.45,0.41,22.84,22.96,22.91,69.22,72.1,70.45
12/23/2020 16:30,12/23/2020 17:00,104.2,104.6,104.4,0.31,0.38,0.35,0.28,0.36,0.32,0.38,0.46,0.42,22.72,22.86,22.79,68.99,71.67,70.25
12/23/2020 17:00,12/23/2020 17:30,104.2,104.6,104.39,0.3,0.39,0.35,0.28,0.36,0.32,0.36,0.48,0.42,22.63,22.74,22.69,68.92,71.92,70.11
12/23/2020 17:30,12/23/2020 18:00,104.2,104.6,104.38,0.3,0.39,0.35,0.28,0.35,0.32,0.37,0.48,0.42,22.55,22.65,22.59,68.67,72.31,70.06
12/23/2020 18:00,12/23/2020 18:30,104.2,104.6,104.39,0.3,0.39,0.35,0.28,0.35,0.32,0.37,0.48,0.42,22.46,22.56,22.51,68.83,71.69,70.08
12/23/2020 18:30,12/23/2020 19:00,104.2,104.6,104.39,0.31,0.39,0.35,0.29,0.35,0.32,0.38,0.47,0.42,22.39,22.48,22.43,68.62,71.45,69.96
12/23/2020 19:00,12/23/2020 19:30,104.2,104.6,104.39,0.32,0.38,0.35,0.27,0.35,0.31,0.39,0.46,0.42,22.31,22.4,22.35,68.61,72.45,69.86
12/23/2020 19:30,12/23/2020 20:00,104.1,104.6,104.33,0.31,0.38,0.35,0.28,0.36,0.32,0.37,0.47,0.42,22.16,22.34,22.27,68.34,75.05,70.07
12/23/2020 20:00,12/23/2020 20:30,104,121,104.24,0.31,0.55,0.35,0.28,0.53,0.32,0.36,0.53,0.42,22.06,22.17,22.09,67.08,77.18,70.43
12/23/2020 20:30,12/23/2020 21:00,103.4,129.2,106.78,0.31,1.69,0.7,0.29,0.75,0.45,0.37,0.69,0.5,20,22.1,20.73,67.34,114.8,97.23
12/23/2020 21:00,12/23/2020 21:30,105.4,111.4,107.39,0.63,1,0.78,0.45,0.84,0.56,0.5,0.68,0.57,20.58,21.23,20.8,111.4,115.6,113.61
12/23/2020 21:30,12/23/2020 22:00,105.1,110.8,106.37,0.62,0.88,0.73,0.43,0.81,0.53,0.49,0.68,0.57,20.89,21.2,20.99,112.4,115.9,113.97
12/23/2020 22:00,12/23/2020 22:30,103.3,114.3,107.02,0.32,1.64,0.72,0.29,0.91,0.55,0.38,0.67,0.55,20.99,22.18,21.6,73.01,117.4,112.97
12/23/2020 22:30,12/23/2020 23:00,103.3,112.7,105.7,0.31,0.85,0.59,0.29,0.95,0.46,0.37,0.66,0.51,22.05,22.86,22.34,66.65,116.7,99.83
12/23/2020 23:00,12/23/2020 23:30,103.1,117.6,106.97,0.32,1.53,0.65,0.28,1.46,0.46,0.38,1.46,0.52,22.13,22.83,22.56,66.17,116,96.73
12/23/2020 23:30,12/24/2020 0:00,105.7,112.4,107.86,0.64,0.98,0.75,0.44,0.89,0.57,0.49,0.69,0.57,22.04,22.73,22.3,113.1,117.1,115.17
12/24/2020 0:00,12/24/2020 0:30,105.7,115.1,107.6,0.63,0.96,0.75,0.45,0.82,0.54,0.5,0.7,0.57,22.53,23.46,22.96,114.3,118.1,116.08
12/24/2020 0:30,12/24/2020 1:00,105.9,112.8,107.97,0.65,0.93,0.75,0.44,0.86,0.59,0.5,0.69,0.57,23.1,23.47,23.26,114.6,117.6,116.05
12/24/2020 1:00,12/24/2020 1:30,105.9,112.7,107.91,0.62,0.9,0.75,0.44,0.89,0.58,0.51,0.67,0.58,23.21,23.93,23.43,114.9,118.8,116.5
12/24/2020 1:30,12/24/2020 2:00,106.1,116.6,108.17,0.62,0.93,0.75,0.46,0.87,0.57,0.51,0.67,0.58,23.94,25.04,24.35,113.4,117.6,115.41
12/24/2020 2:00,12/24/2020 2:30,106.1,113.1,107.95,0.63,0.96,0.74,0.46,0.84,0.55,0.51,0.67,0.58,24,25.2,24.63,113.3,116.9,115.04
12/24/2020 2:30,12/24/2020 3:00,103.6,118.2,106.7,0.31,1.36,0.64,0.28,0.83,0.47,0.37,0.68,0.53,24.08,25.42,24.87,66.66,117,104.33
12/24/2020 3:00,12/24/2020 3:30,103.5,123.3,106.73,0.32,0.96,0.68,0.29,0.69,0.49,0.38,0.67,0.55,23.66,24.89,24.1,68.31,115.2,108.82
12/24/2020 3:30,12/24/2020 4:00,103.5,129.7,107.02,0.32,1.33,0.7,0.29,0.79,0.49,0.39,0.65,0.55,24.59,25.14,24.84,68.56,116.9,109.19
12/24/2020 4:00,12/24/2020 4:30,105.9,112.7,107.65,0.65,0.92,0.75,0.47,0.82,0.57,0.5,0.68,0.58,22.01,24.9,23.01,111.9,116.6,114.33
12/24/2020 4:30,12/24/2020 5:00,106,111.4,107.43,0.62,0.92,0.74,0.46,0.87,0.56,0.51,0.68,0.58,21.94,22.13,22.04,111.3,116.1,114.25
12/24/2020 5:00,12/24/2020 5:30,106,113.3,107.27,0.62,0.88,0.73,0.46,0.84,0.56,0.51,0.68,0.57,21.9,22.07,21.98,113.3,116.2,114.89
12/24/2020 5:30,12/24/2020 6:00,103.5,116.5,106.05,0.31,0.85,0.61,0.27,0.61,0.45,0.37,0.66,0.51,21.88,23.91,22.86,67.31,115.6,100.78
12/24/2020 6:00,12/24/2020 6:30,103.5,103.9,103.7,0.3,0.4,0.35,0.28,0.36,0.32,0.37,0.48,0.42,23.81,24.07,23.97,68,75.16,70.24
12/24/2020 6:30,12/24/2020 7:00,103.6,104,103.78,0.31,0.39,0.34,0.27,0.35,0.32,0.38,0.46,0.42,23.45,23.82,23.6,69.08,78.84,70.73
12/24/2020 7:00,12/24/2020 7:30,103.6,116.3,106.97,0.31,1.42,0.67,0.29,0.75,0.45,0.39,0.67,0.52,21.85,23.46,22.75,69.02,117.9,95.71
12/24/2020 7:30,12/24/2020 8:00,103.3,120.1,104.92,0.31,0.9,0.47,0.29,0.6,0.38,0.37,0.66,0.46,22.1,23.74,23.21,67.44,116.3,84.83
12/24/2020 8:00,12/24/2020 8:30,103.4,103.9,103.62,0.31,0.39,0.35,0.28,0.36,0.32,0.36,0.48,0.42,23.32,23.72,23.52,67.76,73.49,69.4
12/24/2020 8:30,12/24/2020 9:00,103.6,104.1,103.88,0.31,0.39,0.34,0.28,0.36,0.32,0.37,0.48,0.42,23.27,23.35,23.32,67.79,73.57,69.19
12/24/2020 10:00,12/24/2020 10:30,103.8,131.9,108.57,0.31,1.47,0.82,0.29,0.7,0.51,0.39,0.67,0.56,22.34,23.25,22.74,68.63,118.1,109.01
12/24/2020 10:30,12/24/2020 11:00,103.5,114.1,104.95,0.31,1.34,0.47,0.29,0.8,0.37,0.37,0.67,0.45,23.25,24.06,23.86,67.07,118,79.73
12/24/2020 11:00,12/24/2020 11:30,103.4,117.4,106.77,0.32,1.02,0.63,0.28,0.68,0.45,0.37,0.68,0.51,22.62,23.51,22.9,66.96,115.9,100.06
12/24/2020 11:30,12/24/2020 12:00,103.5,104,103.77,0.31,0.4,0.35,0.28,0.36,0.32,0.37,0.48,0.42,23.2,23.41,23.34,61.82,71.8,67.5
12/24/2020 12:00,12/24/2020 12:30,103.6,104.2,103.86,0.31,0.38,0.34,0.27,0.35,0.31,0.37,0.46,0.42,23.33,23.5,23.37,62.04,68.47,64.64
12/24/2020 12:30,12/24/2020 13:00,103.9,104.5,104.22,0.31,0.39,0.35,0.28,0.35,0.32,0.36,0.48,0.42,23.49,23.67,23.62,61.75,68.69,64.68
12/24/2020 13:00,12/24/2020 13:30,104.1,104.5,104.29,0.3,0.39,0.35,0.28,0.36,0.32,0.35,0.49,0.42,23.51,23.64,23.57,61.7,68.18,64.69
12/24/2020 13:30,12/24/2020 14:00,104.1,104.6,104.29,0.31,0.39,0.35,0.28,0.35,0.32,0.36,0.49,0.42,23.41,23.51,23.46,61.68,68.97,64.63
12/24/2020 14:00,12/24/2020 14:30,104.1,104.5,104.27,0.31,0.39,0.35,0.28,0.35,0.32,0.38,0.47,0.42,23.32,23.42,23.37,62.03,68.02,64.73
12/24/2020 14:30,12/24/2020 15:00,104.1,104.5,104.26,0.31,0.38,0.34,0.28,0.35,0.31,0.39,0.46,0.42,23.25,23.33,23.3,61.85,67.98,64.71
12/24/2020 15:00,12/24/2020 15:30,104.1,104.5,104.25,0.31,0.38,0.34,0.28,0.35,0.31,0.38,0.44,0.41,23.19,23.27,23.23,62.21,68.49,64.72
12/24/2020 15:30,12/24/2020 16:00,104.1,104.5,104.25,0.31,0.37,0.34,0.27,0.35,0.31,0.39,0.44,0.41,23.14,23.22,23.18,61.76,68.07,64.72
12/24/2020 16:00,12/24/2020 16:30,104.1,104.5,104.24,0.31,0.37,0.34,0.28,0.34,0.31,0.39,0.45,0.42,23.11,23.16,23.14,61.63,67.92,64.71
12/24/2020 16:30,12/24/2020 17:00,104,104.5,104.24,0.31,0.38,0.34,0.28,0.35,0.31,0.39,0.46,0.42,23.05,23.16,23.1,61.8,68.39,64.71
12/24/2020 17:00,12/24/2020 17:30,104,104.5,104.22,0.31,0.4,0.35,0.28,0.35,0.32,0.37,0.48,0.42,22.94,23.07,23,61.96,67.92,64.73
12/24/2020 17:30,12/24/2020 18:00,104,104.4,104.22,0.31,0.4,0.35,0.28,0.35,0.32,0.37,0.48,0.42,22.86,22.95,22.9,61.97,67.72,64.65
12/24/2020 18:00,12/24/2020 18:30,104,104.4,104.21,0.31,0.39,0.35,0.28,0.36,0.32,0.37,0.48,0.42,22.74,22.87,22.82,61.49,71.07,65.76
12/24/2020 18:30,12/24/2020 19:00,104,104.4,104.19,0.31,0.39,0.35,0.28,0.35,0.32,0.38,0.47,0.42,22.58,22.76,22.68,68.62,71.69,69.84
12/24/2020 19:00,12/24/2020 19:30,104,104.4,104.21,0.31,0.38,0.34,0.28,0.35,0.31,0.38,0.46,0.42,22.37,22.6,22.49,68.12,71.28,69.56
12/24/2020 19:30,12/24/2020 20:00,104,104.4,104.18,0.3,0.4,0.35,0.28,0.36,0.32,0.36,0.48,0.42,22.15,22.38,22.28,68.18,73.51,69.65
12/24/2020 20:00,12/24/2020 20:30,103.9,104.4,104.19,0.31,0.4,0.35,0.28,0.36,0.32,0.36,0.48,0.42,21.96,22.18,22.14,68.2,72.61,69.91
12/24/2020 20:30,12/24/2020 21:00,103.4,104.1,103.69,0.31,0.39,0.35,0.28,0.35,0.32,0.35,0.47,0.42,21.46,21.96,21.6,67.81,72.88,69.56
12/24/2020 21:00,12/24/2020 21:30,103.4,103.9,103.63,0.31,0.39,0.35,0.28,0.35,0.32,0.38,0.47,0.42,21.43,21.5,21.46,67.79,72.85,69.34
12/24/2020 21:30,12/24/2020 22:00,103.5,104.2,103.77,0.31,0.39,0.34,0.28,0.35,0.32,0.37,0.48,0.42,21.44,21.83,21.57,67.93,75.02,69.69
12/24/2020 22:00,12/24/2020 22:30,103.9,104.3,104.11,0.31,0.4,0.35,0.28,0.36,0.32,0.37,0.48,0.42,21.83,21.99,21.93,67.9,80,69.67
12/24/2020 22:30,12/24/2020 23:00,104,104.4,104.19,0.31,0.39,0.35,0.28,0.35,0.32,0.37,0.48,0.42,21.99,22.15,22.07,67.98,74.73,69.91
12/24/2020 23:00,12/24/2020 23:30,104,104.4,104.25,0.3,0.39,0.35,0.28,0.36,0.32,0.37,0.48,0.42,22.14,22.31,22.23,67.61,75.99,69.78
12/24/2020 23:30,12/25/2020 0:00,104.1,104.5,104.3,0.31,0.38,0.34,0.27,0.35,0.31,0.39,0.47,0.42,22.3,22.46,22.38,67.72,76.29,69.5
12/25/2020 0:00,12/25/2020 0:30,103.7,104.5,104.15,0.31,0.4,0.35,0.28,0.35,0.32,0.37,0.47,0.42,22.18,22.5,22.4,67.74,75.44,69.64
12/25/2020 0:30,12/25/2020 1:00,103.6,104,103.8,0.31,0.4,0.35,0.28,0.35,0.32,0.36,0.48,0.42,22.13,22.26,22.18,67.65,73.42,69.23
12/25/2020 1:00,12/25/2020 1:30,103.6,104,103.8,0.31,0.39,0.35,0.28,0.35,0.32,0.37,0.48,0.42,22.25,22.45,22.35,67.43,73.83,69.23
12/25/2020 1:30,12/25/2020 2:00,103.6,104.1,103.82,0.31,0.39,0.35,0.28,0.35,0.32,0.38,0.47,0.42,22.43,22.69,22.55,67.01,74.34,69.18
12/25/2020 2:00,12/25/2020 2:30,103.6,104.1,103.85,0.3,0.4,0.35,0.28,0.36,0.32,0.37,0.48,0.42,22.67,22.89,22.78,67.48,72.94,69.11
12/25/2020 2:30,12/25/2020 3:00,103.6,104.1,103.82,0.31,0.39,0.35,0.29,0.36,0.32,0.37,0.47,0.42,22.88,23.06,22.96,67.4,78.29,71.59
12/25/2020 3:00,12/25/2020 3:30,103.6,104.1,103.83,0.31,0.39,0.35,0.28,0.36,0.32,0.38,0.47,0.42,23.04,23.27,23.2,67.18,78.14,72.24
12/25/2020 3:30,12/25/2020 4:00,103.7,114.3,107.64,0.3,1.23,0.78,0.29,0.81,0.52,0.38,0.7,0.54,21.82,23.31,22.67,67.22,115,100.67
12/25/2020 4:00,12/25/2020 4:30,105.8,111.7,107.91,0.63,0.97,0.76,0.47,0.85,0.61,0.53,0.68,0.58,22.2,22.8,22.49,112.6,117,114.87
12/25/2020 4:30,12/25/2020 5:00,105.7,113.5,107.73,0.6,0.94,0.73,0.46,0.98,0.61,0.52,0.66,0.58,22.72,23.32,22.99,114.1,117.3,115.75
12/25/2020 5:00,12/25/2020 5:30,105.7,113.6,107.67,0.62,0.88,0.73,0.47,0.94,0.6,0.52,0.68,0.58,23.16,23.48,23.34,115,118,116.33
12/25/2020 5:30,12/25/2020 6:00,105.8,115.1,107.55,0.61,0.96,0.74,0.44,0.95,0.58,0.51,0.67,0.58,23.26,23.92,23.43,114.3,118.1,116.13
12/25/2020 6:00,12/25/2020 6:30,105.9,119.8,108.36,0.65,0.91,0.75,0.43,1.05,0.62,0.51,0.67,0.58,23.04,24.01,23.54,114.4,118.3,116.37
12/25/2020 6:30,12/25/2020 7:00,105.8,115,108.08,0.62,0.89,0.74,0.46,0.96,0.63,0.51,0.7,0.57,22.83,23.15,22.93,115.1,118.3,116.59
12/25/2020 7:00,12/25/2020 7:30,106,121.6,108.01,0.63,0.93,0.73,0.47,0.97,0.61,0.5,0.69,0.58,22.73,22.98,22.88,115.7,118.4,116.96
12/25/2020 7:30,12/25/2020 8:00,106.1,115.8,108.28,0.62,0.93,0.74,0.44,0.97,0.62,0.49,0.69,0.57,22.72,22.91,22.81,115.5,118.9,117.13
12/25/2020 8:00,12/25/2020 8:30,106,117.3,107.9,0.64,0.92,0.74,0.45,1.05,0.6,0.51,0.69,0.58,22.67,22.96,22.78,116.2,119,117.63
12/25/2020 8:30,12/25/2020 9:00,103.5,113.5,105.64,0.3,0.86,0.54,0.28,0.61,0.41,0.38,0.66,0.49,22.77,24.97,24.08,67.07,117.8,94.17
12/25/2020 9:00,12/25/2020 9:30,103.5,125.4,108.22,0.32,1.41,0.72,0.29,0.99,0.6,0.39,0.67,0.56,22.5,24.99,23.58,68.68,119.2,110.99
12/25/2020 9:30,12/25/2020 10:00,105.8,122.1,108.71,0.64,0.9,0.75,0.46,0.98,0.62,0.51,0.68,0.58,22.47,22.63,22.53,114.4,118.8,116.29
12/25/2020 10:00,12/25/2020 10:30,106,116.9,108.87,0.63,0.92,0.75,0.46,1,0.62,0.52,0.71,0.58,22.62,22.86,22.74,115.4,118.7,117.02
12/25/2020 10:30,12/25/2020 11:00,105.8,119.6,108.59,0.64,0.88,0.74,0.45,0.92,0.6,0.51,0.69,0.58,22.82,23.75,23.21,115.4,119.1,117.31
12/25/2020 11:00,12/25/2020 11:30,104,119.6,108.4,0.34,0.87,0.71,0.32,0.96,0.57,0.39,0.65,0.56,23.51,23.73,23.64,89.22,119.2,115.97
12/25/2020 11:30,12/25/2020 12:00,103.8,104.3,104.03,0.3,0.4,0.35,0.28,0.35,0.32,0.37,0.48,0.42,23.62,24.3,24.14,62.13,89.08,69.54
12/25/2020 12:00,12/25/2020 12:30,103.8,104.5,104.11,0.31,0.39,0.35,0.28,0.35,0.32,0.37,0.49,0.42,24.08,24.42,24.28,61.49,67.86,64.67
12/25/2020 12:30,12/25/2020 13:00,104.1,104.6,104.32,0.31,0.38,0.35,0.28,0.35,0.31,0.38,0.46,0.42,24.22,24.37,24.33,61.86,67.82,64.63
12/25/2020 13:00,12/25/2020 13:30,104.2,104.6,104.33,0.3,0.4,0.35,0.27,0.35,0.32,0.37,0.49,0.42,24.09,24.23,24.15,61.93,67.92,64.66
12/25/2020 13:30,12/25/2020 14:00,104.1,104.5,104.3,0.31,0.4,0.35,0.28,0.35,0.32,0.36,0.48,0.42,23.99,24.1,24.04,61.75,68.36,64.66
12/25/2020 14:00,12/25/2020 14:30,104.1,104.5,104.32,0.3,0.4,0.35,0.28,0.35,0.32,0.37,0.48,0.42,23.85,24.1,23.95,61.81,68.21,64.71
12/25/2020 14:30,12/25/2020 15:00,104.1,104.5,104.29,0.31,0.38,0.34,0.27,0.35,0.31,0.39,0.45,0.42,23.78,23.86,23.82,61.7,68.52,64.66
12/25/2020 15:00,12/25/2020 15:30,104.1,104.5,104.28,0.3,0.37,0.34,0.28,0.34,0.31,0.39,0.44,0.42,23.73,23.8,23.76,61.81,68.13,64.7
12/25/2020 15:30,12/25/2020 16:00,104.1,104.5,104.28,0.31,0.38,0.34,0.28,0.34,0.31,0.39,0.46,0.42,23.66,23.74,23.69,61.87,67.92,64.72
12/25/2020 16:00,12/25/2020 16:30,104.1,104.5,104.27,0.31,0.39,0.35,0.28,0.35,0.31,0.39,0.46,0.42,23.56,23.67,23.61,61.87,68.02,64.73
12/25/2020 16:30,12/25/2020 17:00,104,104.5,104.25,0.31,0.39,0.35,0.28,0.35,0.32,0.38,0.47,0.42,23.55,23.59,23.57,61.84,67.6,64.68
12/25/2020 17:00,12/25/2020 17:30,99.48,101.5,100.47,0.3,0.49,0.35,0.29,0.36,0.33,0.38,0.72,0.42,20.01,20.53,20.26,62.22,67.21,64.5
12/25/2020 17:30,12/25/2020 18:00,104.2,104.6,104.36,0.31,0.38,0.34,0.27,0.35,0.32,0.39,0.44,0.42,23.92,24.02,23.97,67.56,76.72,69.31
12/25/2020 18:00,12/25/2020 18:30,104.1,104.6,104.35,0.31,0.69,0.35,0.28,0.37,0.32,0.39,0.46,0.42,23.81,23.93,23.87,67.36,77,69.76
12/25/2020 18:30,12/25/2020 19:00,104.2,104.6,104.39,0.31,0.4,0.34,0.28,0.35,0.31,0.39,0.45,0.42,23.79,23.83,23.82,67.32,76.77,68.99
12/25/2020 19:00,12/25/2020 19:30,104.2,104.6,104.39,0.31,0.37,0.34,0.28,0.35,0.31,0.39,0.45,0.41,23.77,23.82,23.8,67.14,72.5,68.83
12/25/2020 19:30,12/25/2020 20:00,104.2,104.6,104.37,0.32,0.38,0.34,0.28,0.35,0.31,0.39,0.46,0.42,23.73,23.78,23.75,61.62,71.08,66.1
12/25/2020 20:00,12/25/2020 20:30,104.1,104.5,104.3,0.31,0.38,0.35,0.28,0.35,0.31,0.39,0.46,0.42,23.74,23.79,23.77,61.71,68.69,64.73
12/25/2020 20:30,12/25/2020 21:00,104.1,104.5,104.29,0.31,0.39,0.34,0.27,0.35,0.31,0.39,0.48,0.42,23.76,23.82,23.79,61.46,69.21,64.69
12/25/2020 21:00,12/25/2020 21:30,104.1,104.5,104.26,0.31,0.38,0.35,0.28,0.35,0.31,0.38,0.46,0.42,23.77,23.81,23.79,61.67,68.43,64.74
12/25/2020 21:30,12/25/2020 22:00,104.1,104.5,104.26,0.31,0.39,0.35,0.28,0.34,0.31,0.39,0.47,0.42,23.76,23.79,23.78,61.57,69.01,64.74
12/25/2020 22:00,12/25/2020 22:30,104.1,104.5,104.27,0.32,0.38,0.35,0.28,0.35,0.31,0.38,0.46,0.42,23.72,23.78,23.75,61.66,68.16,64.75
12/25/2020 22:30,12/25/2020 23:00,104.1,104.5,104.25,0.31,0.39,0.35,0.28,0.35,0.31,0.38,0.48,0.42,23.67,23.73,23.7,61.37,68.88,64.7
12/25/2020 23:00,12/25/2020 23:30,104.1,104.5,104.25,0.31,0.4,0.35,0.27,0.35,0.32,0.37,0.48,0.42,23.61,23.68,23.65,61.38,68.04,64.67
12/25/2020 23:30,12/26/2020 0:00,104,104.4,104.22,0.3,0.39,0.35,0.28,0.36,0.32,0.36,0.48,0.42,23.57,23.62,23.59,61.75,68.03,64.65
12/26/2020 0:00,12/26/2020 0:30,104,104.4,104.22,0.31,0.42,0.35,0.28,0.36,0.32,0.36,0.49,0.42,23.51,23.57,23.55,61.27,68.64,64.66
12/26/2020 0:30,12/26/2020 1:00,104,104.4,104.2,0.31,0.4,0.35,0.27,0.36,0.32,0.37,0.48,0.42,23.47,23.52,23.49,61.29,68.23,64.69
12/26/2020 1:00,12/26/2020 1:30,104,104.4,104.18,0.31,0.39,0.35,0.28,0.36,0.32,0.37,0.48,0.42,23.39,23.49,23.44,61.6,68.05,64.69
12/26/2020 1:30,12/26/2020 2:00,103.9,104.4,104.14,0.31,0.39,0.35,0.28,0.35,0.31,0.38,0.46,0.42,23.26,23.41,23.37,61.92,70.84,66.4
12/26/2020 2:00,12/26/2020 2:30,103.9,104.4,104.13,0.31,0.37,0.34,0.28,0.34,0.31,0.38,0.45,0.41,23.15,23.28,23.22,67.68,71.41,69.12
12/26/2020 2:30,12/26/2020 3:00,104,104.4,104.17,0.31,0.38,0.34,0.28,0.35,0.31,0.39,0.46,0.42,23.04,23.17,23.11,67.71,72.81,69.22
12/26/2020 3:00,12/26/2020 3:30,104,117.7,106.8,0.31,1.53,0.73,0.28,0.71,0.44,0.38,0.59,0.47,20.95,23.04,22.34,68.13,123.2,99.44
12/26/2020 3:30,12/26/2020 4:00,105.3,138.5,107.47,0.68,1.18,0.81,0.39,0.73,0.5,0.42,0.59,0.5,20.84,21.26,21.01,117.7,120.6,119.12
12/26/2020 4:00,12/26/2020 4:30,105.1,123.5,107.41,0.67,0.97,0.77,0.38,0.71,0.5,0.41,0.58,0.49,21.26,21.66,21.46,118.1,121.4,119.7
12/26/2020 4:30,12/26/2020 5:00,104.9,123.4,106.76,0.47,0.92,0.76,0.36,0.66,0.46,0.38,0.58,0.49,21.66,23.18,22.21,106,121.3,119.35
12/26/2020 5:00,12/26/2020 5:30,104.4,202.7,108.04,0.41,1.78,0.78,0.33,0.73,0.5,0.41,0.6,0.49,22.3,23.3,22.64,103.7,121.6,119.78
12/26/2020 5:30,12/26/2020 6:00,105.2,145.5,107.97,0.66,0.94,0.77,0.36,0.74,0.5,0.42,0.57,0.49,22.37,22.61,22.49,118.5,121.5,120
12/26/2020 6:00,12/26/2020 6:30,105.5,113.6,107.93,0.64,0.97,0.77,0.38,0.75,0.49,0.41,0.58,0.49,22.6,23.05,22.83,118.7,121.5,120.07
12/26/2020 6:30,12/26/2020 7:00,105.3,117,108.09,0.65,0.99,0.77,0.37,0.76,0.5,0.42,0.59,0.49,22.97,23.34,23.16,118.6,121.4,120.03
12/26/2020 7:00,12/26/2020 7:30,105.5,112.5,107.94,0.66,0.89,0.77,0.38,0.68,0.5,0.42,0.58,0.49,23.31,23.6,23.45,118.2,121.5,119.96
12/26/2020 7:30,12/26/2020 8:00,105.5,111.6,107.76,0.64,0.91,0.77,0.38,0.7,0.5,0.42,0.58,0.49,23.59,23.99,23.74,118.5,121.5,120.02
12/26/2020 8:00,12/26/2020 8:30,105.8,113.5,108.29,0.64,0.94,0.78,0.39,0.76,0.51,0.42,0.59,0.49,23.9,24.08,24,118.4,121.2,119.97
12/26/2020 8:30,12/26/2020 9:00,105.5,144.8,107.83,0.63,0.95,0.77,0.38,0.72,0.5,0.41,0.6,0.49,23.88,23.98,23.93,118.5,121.2,119.81
12/26/2020 9:00,12/26/2020 9:30,105.5,112.6,107.95,0.68,0.93,0.78,0.38,0.73,0.5,0.41,0.59,0.49,23.79,23.95,23.87,118.4,121.4,119.9
12/26/2020 9:30,12/26/2020 10:00,105.5,113.1,108,0.66,0.95,0.78,0.4,0.77,0.51,0.42,0.61,0.49,23.71,23.87,23.8,118.2,121.2,119.68
12/26/2020 10:00,12/26/2020 10:30,105.6,112.7,106.84,0.67,1.03,0.77,0.37,0.67,0.46,0.43,0.58,0.49,23.05,23.78,23.5,117.5,120.8,118.98
12/26/2020 10:30,12/26/2020 11:00,105.7,110.4,106.59,0.68,0.95,0.77,0.38,0.65,0.46,0.42,0.59,0.49,22.25,23.06,22.65,116.9,119.7,118.34
12/26/2020 11:00,12/26/2020 11:30,105.5,114.9,107.09,0.69,1,0.79,0.38,0.64,0.45,0.43,0.6,0.5,22.07,22.25,22.16,115.6,119.5,117.48
12/26/2020 11:30,12/26/2020 12:00,92.92,117.5,107.73,0.67,7.09,0.81,0.38,8.98,0.53,0.43,21.2,0.52,21.29,22.2,22.05,78.08,120.4,118.36
12/26/2020 12:00,12/26/2020 12:30,105.8,118.3,109.6,0.72,1.03,0.87,0.4,0.79,0.52,0.42,0.57,0.49,21.2,21.53,21.35,112,116.2,114.07
12/26/2020 12:30,12/26/2020 13:00,106,141.3,109.15,0.72,1.3,0.86,0.38,0.82,0.5,0.41,0.59,0.49,21.45,22.21,21.77,112.2,116,113.82
12/26/2020 13:00,12/26/2020 13:30,106.3,126.7,109.53,0.73,1.05,0.87,0.39,0.74,0.5,0.41,0.57,0.49,21.34,21.89,21.59,112.2,116.2,114.03
12/26/2020 13:30,12/26/2020 14:00,106.4,152.2,110.08,0.74,1.1,0.88,0.39,0.81,0.52,0.42,0.59,0.49,20.9,21.73,21.23,112,116.1,113.89
12/26/2020 14:00,12/26/2020 14:30,106,117.3,109.66,0.72,1.06,0.87,0.38,0.89,0.52,0.41,0.57,0.49,20.53,20.91,20.66,112.2,116.5,113.93
12/26/2020 14:30,12/26/2020 15:00,106,117,109.65,0.74,1.06,0.88,0.4,0.77,0.52,0.41,0.59,0.49,20.37,20.57,20.45,112.1,116,113.87
12/26/2020 15:00,12/26/2020 15:30,106,125.4,109.47,0.76,1.08,0.88,0.4,0.8,0.5,0.42,0.58,0.49,20.32,21.33,20.76,111.9,116,113.86
12/26/2020 15:30,12/26/2020 16:00,106.1,116.8,110.22,0.73,1.06,0.89,0.39,0.8,0.52,0.42,0.58,0.48,20.6,20.82,20.7,112,116.2,114.12
12/26/2020 16:00,12/26/2020 16:30,106.5,117.6,109.91,0.75,1.04,0.88,0.39,0.77,0.5,0.43,0.57,0.49,20.66,21.72,20.96,112.1,116.3,114.19
12/26/2020 16:30,12/26/2020 17:00,104,115.1,108.21,0.32,1.07,0.77,0.29,0.65,0.45,0.38,0.57,0.48,21.71,23.77,22.55,68,116.3,108.96
12/26/2020 17:00,12/26/2020 17:30,104,123.5,107.7,0.31,1.56,0.65,0.29,0.74,0.43,0.38,0.59,0.46,21.33,24.19,23.13,67.66,117.2,94.88
12/26/2020 17:30,12/26/2020 18:00,106.1,170.1,110.31,0.75,1.25,0.89,0.38,0.79,0.52,0.42,0.59,0.5,20.61,21.33,20.94,113.8,129.6,118.49
12/26/2020 18:00,12/26/2020 18:30,106.5,174.1,110.3,0.74,1.53,0.87,0.39,0.86,0.49,0.43,0.6,0.5,20.61,21.04,20.77,110.5,119.3,113.69
12/26/2020 18:30,12/26/2020 19:00,104.1,204,109.97,0.32,1.65,0.8,0.29,1.05,0.47,0.38,0.59,0.49,21.03,22.93,21.82,67.02,120,109.56
12/26/2020 19:00,12/26/2020 19:30,104.1,104.5,104.28,0.31,0.39,0.35,0.29,0.35,0.32,0.37,0.48,0.42,22.93,23.39,23.28,63.09,70.33,67.7
12/26/2020 19:30,12/26/2020 20:00,104.2,104.6,104.41,0.31,0.37,0.34,0.28,0.34,0.31,0.39,0.45,0.41,23.26,23.35,23.3,60.46,73.74,63.17
12/26/2020 20:00,12/26/2020 20:30,104.3,104.8,104.56,0.3,0.4,0.35,0.27,0.36,0.32,0.37,0.48,0.42,23.28,23.33,23.31,60.71,79.38,62.86
12/26/2020 20:30,12/26/2020 21:00,104.5,104.9,104.63,0.3,0.4,0.35,0.28,0.36,0.32,0.36,0.49,0.42,23.3,23.33,23.32,60.23,67.8,62.69
12/26/2020 21:00,12/26/2020 21:30,104.4,104.9,104.66,0.31,0.4,0.35,0.28,0.35,0.32,0.37,0.48,0.42,23.32,23.37,23.34,60.51,67.06,62.67
12/26/2020 21:30,12/26/2020 22:00,104.4,104.8,104.63,0.31,0.39,0.35,0.28,0.35,0.32,0.38,0.47,0.42,23.35,23.43,23.38,60.53,68.26,62.54
12/26/2020 22:00,12/26/2020 22:30,104.5,104.9,104.67,0.31,0.38,0.34,0.28,0.35,0.31,0.38,0.46,0.42,23.42,23.51,23.46,60.67,68.36,62.62
12/26/2020 22:30,12/26/2020 23:00,104.5,104.9,104.71,0.31,0.38,0.34,0.28,0.35,0.31,0.39,0.46,0.42,23.49,23.53,23.51,60.2,70.55,62.65
12/26/2020 23:00,12/26/2020 23:30,104.5,104.9,104.68,0.31,0.39,0.34,0.28,0.35,0.31,0.38,0.46,0.42,23.49,23.57,23.53,60.42,66.63,62.45
12/26/2020 23:30,12/27/2020 0:00,104.5,104.9,104.71,0.31,0.4,0.35,0.27,0.35,0.32,0.38,0.47,0.42,23.57,23.63,23.59,60.64,65.25,62.52
12/27/2020 0:00,12/27/2020 0:30,104.6,105,104.74,0.31,0.4,0.35,0.29,0.36,0.32,0.37,0.48,0.42,23.61,23.64,23.62,60.39,66.34,62.69
12/27/2020 0:30,12/27/2020 1:00,104.5,104.9,104.74,0.31,0.39,0.35,0.28,0.36,0.32,0.37,0.48,0.42,23.6,23.64,23.62,62.04,66.56,64.22
12/27/2020 1:00,12/27/2020 1:30,104.6,104.9,104.73,0.31,0.4,0.35,0.28,0.35,0.32,0.37,0.48,0.42,23.57,23.62,23.61,62.22,68.65,64.17
12/27/2020 1:30,12/27/2020 2:00,104.4,105,104.73,0.31,0.39,0.35,0.28,0.36,0.32,0.38,0.47,0.42,23.51,23.59,23.56,61.79,66.03,63.76
12/27/2020 2:00,12/27/2020 2:30,104.5,104.9,104.7,0.31,0.39,0.35,0.28,0.36,0.32,0.38,0.47,0.42,23.52,23.56,23.54,60.97,79.15,64.51
12/27/2020 2:30,12/27/2020 3:00,104.4,104.9,104.69,0.31,0.38,0.34,0.28,0.35,0.31,0.38,0.46,0.42,23.35,23.53,23.45,66.96,89.1,79.37
12/27/2020 3:00,12/27/2020 3:30,104.5,104.9,104.71,0.31,0.41,0.35,0.27,0.35,0.31,0.39,0.46,0.42,23.29,23.36,23.32,74.86,88.87,80.29
12/27/2020 3:30,12/27/2020 4:00,104.5,105,104.75,0.31,0.38,0.34,0.28,0.36,0.31,0.39,0.44,0.42,23.25,23.3,23.27,74.38,83.32,79.52
12/27/2020 4:00,12/27/2020 4:30,104.6,105,104.76,0.31,0.38,0.35,0.28,0.35,0.31,0.39,0.45,0.42,23.19,23.25,23.23,72.83,84.17,78.22
12/27/2020 4:30,12/27/2020 5:00,104.6,105,104.78,0.31,0.5,0.35,0.27,0.37,0.32,0.39,0.46,0.42,23.16,23.2,23.18,74.87,103.3,78.97
12/27/2020 5:00,12/27/2020 5:30,104.6,122.1,110.38,0.32,1.72,0.99,0.28,0.69,0.49,0.39,0.59,0.49,20.16,23.19,21.43,75.24,150.2,129.11
12/27/2020 5:30,12/27/2020 6:00,106.3,115.5,109.93,0.73,1.21,0.88,0.39,0.68,0.52,0.42,0.58,0.49,20.36,21.18,20.8,126.1,142.8,133.04
12/27/2020 6:00,12/27/2020 6:30,106.6,114.7,109.12,0.71,1.01,0.84,0.39,0.68,0.49,0.42,0.59,0.49,21.16,22.48,21.58,126.9,138.5,132.92
12/27/2020 6:30,12/27/2020 7:00,106.4,142.8,109.12,0.59,0.97,0.84,0.35,0.7,0.49,0.41,0.6,0.5,22.47,23.94,23.17,118.4,136.9,131.86
12/27/2020 7:00,12/27/2020 7:30,106.4,120.9,109.13,0.69,1.01,0.83,0.41,0.69,0.49,0.42,0.57,0.49,22.71,23.16,22.97,125.4,137,131.51
12/27/2020 7:30,12/27/2020 8:00,106.4,115.6,108.84,0.7,1,0.83,0.39,0.7,0.5,0.43,0.59,0.49,22.6,22.87,22.72,125.8,136.6,131.33
12/27/2020 8:00,12/27/2020 8:30,104.1,113.9,107.75,0.32,0.98,0.76,0.29,0.62,0.45,0.39,0.59,0.48,22.69,23.69,23.11,74.39,135.7,126.71
12/27/2020 8:30,12/27/2020 9:00,103.9,113.9,104.6,0.31,1.51,0.4,0.28,0.69,0.33,0.37,0.57,0.43,23.16,24.15,23.99,73.39,144.1,81.14
12/27/2020 9:00,12/27/2020 9:30,106.3,135.2,108.84,0.71,1.09,0.84,0.4,0.67,0.49,0.42,0.59,0.49,21.37,24.15,22.11,125.6,137.8,130.73
12/27/2020 9:30,12/27/2020 10:00,106,123.6,108.07,0.72,1.02,0.83,0.39,0.66,0.48,0.43,0.58,0.49,21.22,21.87,21.41,125.9,135.4,130.67
12/27/2020 10:00,12/27/2020 10:30,106.4,120.6,107.64,0.69,1.02,0.81,0.38,0.65,0.48,0.42,0.57,0.49,20.91,21.23,21.04,123.7,134.4,130.05
12/27/2020 10:30,12/27/2020 11:00,103.7,119,106.84,0.32,0.96,0.69,0.29,0.62,0.42,0.37,0.57,0.47,20.87,23.12,21.75,73.91,134.3,116.76
12/27/2020 11:00,12/27/2020 11:30,103.7,104.2,103.93,0.31,0.39,0.35,0.28,0.35,0.32,0.37,0.47,0.42,23.11,23.38,23.31,70.38,78.89,74.4
12/27/2020 11:30,12/27/2020 12:00,103.9,123.5,105.58,0.31,1.79,0.49,0.28,0.67,0.36,0.38,0.6,0.43,21.45,23.28,22.99,71.22,145.9,87.01
12/27/2020 12:00,12/27/2020 12:30,106.4,116,109.25,0.73,1.12,0.87,0.4,0.64,0.49,0.41,0.59,0.49,20.87,21.46,21,124.7,139.3,131.54
12/27/2020 12:30,12/27/2020 13:00,106.4,114.2,108.37,0.7,0.97,0.82,0.39,0.6,0.48,0.42,0.57,0.49,21.03,21.25,21.13,126.3,136.1,130.97
12/27/2020 13:00,12/27/2020 13:30,106.3,114.4,108.34,0.71,0.99,0.82,0.37,0.64,0.47,0.4,0.58,0.49,21.1,22.24,21.35,125.9,135.3,131.25
12/27/2020 13:30,12/27/2020 14:00,104,124.2,107.89,0.32,0.95,0.73,0.29,0.53,0.43,0.37,0.57,0.48,22.25,24.47,23.47,74.07,135.2,122.09
12/27/2020 14:00,12/27/2020 14:30,104,104.6,104.26,0.31,0.39,0.35,0.27,0.35,0.32,0.37,0.47,0.42,24.43,24.62,24.55,72.62,83.07,76.76
12/27/2020 14:30,12/27/2020 15:00,104.2,104.7,104.48,0.31,0.39,0.34,0.28,0.35,0.32,0.39,0.46,0.42,24.07,24.44,24.25,73.51,81.69,77.43
12/27/2020 15:00,12/27/2020 15:30,104.4,104.8,104.54,0.3,0.4,0.35,0.28,0.35,0.32,0.36,0.49,0.43,23.82,24.09,23.93,72.17,85.16,78.07
12/27/2020 15:30,12/27/2020 16:00,104.4,104.8,104.59,0.3,0.39,0.35,0.28,0.36,0.32,0.37,0.49,0.42,23.7,23.83,23.76,73.27,82.23,77.18
12/27/2020 16:00,12/27/2020 16:30,104.4,104.8,104.56,0.31,0.39,0.35,0.28,0.35,0.32,0.37,0.48,0.42,23.62,23.72,23.66,73.45,82.2,77.24
12/27/2020 16:30,12/27/2020 17:00,104.4,104.8,104.57,0.31,0.39,0.35,0.29,0.35,0.32,0.38,0.47,0.42,23.58,23.64,23.61,71.7,82.12,76.48
12/27/2020 17:00,12/27/2020 17:30,104.4,104.8,104.6,0.31,0.38,0.35,0.28,0.36,0.32,0.38,0.46,0.42,23.57,23.59,23.58,72.02,80.07,75.78
12/27/2020 17:30,12/27/2020 18:00,104.4,104.8,104.62,0.31,0.39,0.35,0.28,0.35,0.32,0.38,0.46,0.42,23.54,23.57,23.56,72.66,79.86,76.19
12/27/2020 18:00,12/27/2020 18:30,104.4,104.8,104.61,0.31,0.39,0.35,0.27,0.35,0.32,0.39,0.47,0.42,23.51,23.57,23.54,72.04,80.17,76.56
12/27/2020 18:30,12/27/2020 19:00,104.4,104.8,104.62,0.31,0.38,0.35,0.28,0.35,0.32,0.39,0.46,0.42,23.52,23.55,23.53,72.36,81.52,77.31
12/27/2020 19:00,12/27/2020 19:30,104.4,104.8,104.58,0.31,0.39,0.34,0.28,0.35,0.31,0.39,0.46,0.42,23.48,23.55,23.51,63.02,81.01,71.61
12/27/2020 19:30,12/27/2020 20:00,104.4,104.9,104.64,0.31,0.39,0.34,0.27,0.35,0.31,0.39,0.48,0.42,23.5,23.55,23.52,62.38,66.73,64.63
12/27/2020 20:00,12/27/2020 20:30,104.5,104.9,104.65,0.31,0.39,0.35,0.28,0.36,0.31,0.39,0.46,0.42,23.51,23.55,23.52,62.55,67.02,64.57
12/27/2020 20:30,12/27/2020 21:00,104.4,104.8,104.62,0.31,0.39,0.34,0.28,0.35,0.31,0.39,0.47,0.42,23.49,23.52,23.51,62.66,66.85,64.48
12/27/2020 21:00,12/27/2020 21:30,104.4,104.8,104.61,0.31,0.38,0.34,0.28,0.35,0.31,0.38,0.45,0.42,23.46,23.51,23.49,62.86,66.63,64.51
12/27/2020 21:30,12/27/2020 22:00,104.4,104.8,104.61,0.31,0.37,0.34,0.28,0.35,0.31,0.39,0.44,0.41,23.43,23.47,23.46,62.38,66.18,64.42
12/27/2020 22:00,12/27/2020 22:30,104.4,104.8,104.57,0.31,0.37,0.34,0.28,0.35,0.31,0.39,0.45,0.42,23.4,23.45,23.42,62.42,67.12,64.42
12/27/2020 22:30,12/27/2020 23:00,104.4,104.8,104.57,0.31,0.39,0.35,0.28,0.35,0.31,0.39,0.46,0.42,23.35,23.41,23.38,62.65,66.4,64.39
12/27/2020 23:00,12/27/2020 23:30,104.4,104.8,104.57,0.31,0.39,0.35,0.28,0.36,0.31,0.38,0.47,0.42,23.32,23.37,23.34,62.52,66.78,64.31
12/27/2020 23:30,12/28/2020 0:00,104.4,104.7,104.54,0.31,0.39,0.35,0.28,0.35,0.32,0.37,0.48,0.42,23.28,23.33,23.3,62.81,66.51,64.34
12/28/2020 0:00,12/28/2020 0:30,104.4,104.7,104.56,0.31,0.4,0.35,0.28,0.36,0.32,0.37,0.48,0.42,23.24,23.3,23.26,62.44,66.29,64.28
12/28/2020 0:30,12/28/2020 1:00,104.4,104.8,104.56,0.31,0.4,0.35,0.28,0.35,0.32,0.36,0.49,0.42,23.2,23.25,23.22,62.21,66.49,64.22
12/28/2020 1:00,12/28/2020 1:30,104.3,104.7,104.55,0.31,0.4,0.35,0.28,0.35,0.32,0.36,0.49,0.42,23.14,23.2,23.17,61.97,66.16,64.2
12/28/2020 1:30,12/28/2020 2:00,104.3,104.8,104.53,0.31,0.4,0.35,0.28,0.35,0.32,0.38,0.47,0.42,23.06,23.14,23.11,61.75,66.28,64.06
12/28/2020 2:00,12/28/2020 2:30,104.3,104.8,104.54,0.31,0.38,0.35,0.28,0.35,0.31,0.39,0.46,0.42,22.96,23.08,23.04,62.37,81.13,72.11
12/28/2020 2:30,12/28/2020 3:00,104.3,104.7,104.54,0.31,0.39,0.35,0.28,0.36,0.32,0.38,0.47,0.42,22.79,22.97,22.88,69.94,81.55,76.81
12/28/2020 3:00,12/28/2020 3:30,104.4,104.9,104.6,0.31,0.39,0.35,0.28,0.36,0.32,0.37,0.48,0.42,22.72,22.8,22.75,70.81,79.03,75.15
12/28/2020 3:30,12/28/2020 4:00,104.4,104.9,104.6,0.3,0.39,0.35,0.28,0.36,0.32,0.36,0.48,0.42,22.62,22.76,22.67,71.03,82.06,75.26
12/28/2020 4:00,12/28/2020 4:30,104.4,104.8,104.59,0.31,0.4,0.35,0.27,0.36,0.32,0.37,0.48,0.42,22.5,22.62,22.57,71.06,98.18,78
12/28/2020 4:30,12/28/2020 5:00,104.3,104.7,104.5,0.31,0.38,0.34,0.28,0.34,0.31,0.39,0.45,0.42,22.4,22.51,22.45,70.49,79.33,74.4
12/28/2020 5:00,12/28/2020 5:30,104.3,104.7,104.52,0.31,0.39,0.35,0.28,0.36,0.32,0.38,0.47,0.42,22.32,22.41,22.37,71.29,82.68,74.86
12/28/2020 5:30,12/28/2020 6:00,104.4,104.7,104.54,0.31,0.39,0.35,0.29,0.36,0.32,0.38,0.46,0.42,22.33,22.38,22.36,71.46,86.03,77.76
12/28/2020 6:00,12/28/2020 6:30,104.4,104.9,104.59,0.31,0.38,0.35,0.28,0.36,0.32,0.38,0.46,0.42,22.35,22.45,22.4,70.96,81.42,75.24
12/28/2020 6:30,12/28/2020 7:00,103.6,143.9,108.91,0.3,1.79,0.83,0.27,0.83,0.44,0.36,0.61,0.48,20.58,22.46,21.7,72.26,147,117.1
12/28/2020 7:00,12/28/2020 7:30,104.1,183.5,111.48,0.32,1.67,0.82,0.32,0.85,0.47,0.39,0.59,0.49,21.43,22.78,21.85,99.24,140.5,130.02
12/28/2020 7:30,12/28/2020 8:00,104,116.2,106,0.32,0.6,0.44,0.29,0.45,0.36,0.37,0.49,0.43,22.78,23.23,23.14,73.57,122.5,106.44
12/28/2020 8:00,12/28/2020 8:30,104.1,108.8,104.31,0.3,0.46,0.35,0.28,0.4,0.32,0.37,0.48,0.42,22.87,23.19,23.01,70.58,99.92,76.47
12/28/2020 8:30,12/28/2020 9:00,104.1,104.6,104.38,0.29,0.39,0.35,0.29,0.53,0.33,0.36,0.53,0.42,22.85,22.89,22.88,73.39,90.21,76.24
12/28/2020 9:00,12/28/2020 9:30,104.3,120,108.2,0.31,1.46,0.75,0.29,0.64,0.44,0.38,0.6,0.48,21.19,22.9,22.17,73.31,144.1,115.37
12/28/2020 9:30,12/28/2020 10:00,106.7,117.1,108.83,0.7,1.03,0.85,0.38,0.62,0.48,0.43,0.6,0.51,21.45,22.47,21.95,124.8,136.4,131.97
12/28/2020 10:00,12/28/2020 10:30,106.6,112.5,107.73,0.66,0.97,0.81,0.39,0.6,0.47,0.43,0.6,0.5,21.36,21.67,21.5,124.3,136.7,130.31
12/28/2020 10:30,12/28/2020 11:00,106.3,111.9,108.11,0.71,1,0.82,0.4,0.64,0.48,0.43,0.59,0.5,21.57,23.45,22.18,124.9,136.4,130.89
12/28/2020 11:00,12/28/2020 11:30,106.4,118.9,108.24,0.52,1.55,0.83,0.36,0.75,0.48,0.42,1.43,0.5,22.3,23.95,23.27,115.4,144.6,129.57
12/28/2020 11:30,12/28/2020 12:00,106.3,112.3,107.67,0.71,1.02,0.81,0.39,0.64,0.48,0.43,0.6,0.5,21.67,22.3,21.93,122.3,135.7,129.42
12/28/2020 12:00,12/28/2020 12:30,106.3,113.6,107.52,0.71,0.97,0.82,0.37,0.67,0.47,0.42,0.57,0.49,21.49,21.8,21.63,123.5,137.2,128.93
12/28/2020 12:30,12/28/2020 13:00,103.8,113.4,106.8,0.32,0.95,0.69,0.28,0.61,0.44,0.38,0.57,0.47,21.15,22.23,21.43,72.79,133.8,117.18
12/28/2020 13:00,12/28/2020 13:30,103.7,104.1,103.94,0.31,0.4,0.35,0.28,0.36,0.32,0.37,0.47,0.42,22.23,23.03,22.76,71.14,78.09,74.14
12/28/2020 13:30,12/28/2020 14:00,103.8,107.2,105.27,0.31,0.55,0.43,0.29,0.54,0.37,0.39,0.54,0.43,23.03,23.12,23.08,71.33,122,102.15
12/28/2020 14:00,12/28/2020 14:30,103.8,116.9,104.19,0.3,0.59,0.36,0.27,0.48,0.33,0.38,0.49,0.42,23.07,23.23,23.15,71.48,101.3,77.4
12/28/2020 14:30,12/28/2020 15:00,103.9,105.1,104.08,0.31,0.82,0.35,0.26,0.59,0.32,0.37,0.51,0.42,23.22,23.34,23.28,71.71,106.3,77.73
12/28/2020 15:00,12/28/2020 15:30,104,118.1,105.53,0.3,1.6,0.48,0.29,0.79,0.35,0.36,0.84,0.44,23.32,23.51,23.39,72.49,142.8,90.08
12/28/2020 15:30,12/28/2020 16:00,104,117.8,106.41,0.31,1.53,0.6,0.29,0.71,0.39,0.38,0.64,0.45,21,24.23,23.34,72.64,142.4,96.49
12/28/2020 16:00,12/28/2020 16:30,105.5,111.1,107.33,0.72,0.99,0.84,0.41,0.66,0.47,0.42,0.64,0.5,20.33,21.06,20.7,123.9,133.6,129.56
12/28/2020 16:30,12/28/2020 17:00,104.1,120.1,107.35,0.36,1.02,0.8,0.33,0.59,0.46,0.4,0.59,0.49,20.51,22.34,21.22,103.9,134.9,127.79
12/28/2020 17:00,12/28/2020 17:30,103.5,124.1,106.6,0.32,2.02,0.65,0.29,0.69,0.41,0.37,0.61,0.46,21.57,23.2,22.54,73.09,143.8,112.1
12/28/2020 17:30,12/28/2020 18:00,105.7,111.3,107.55,0.71,1.03,0.83,0.38,0.63,0.47,0.42,0.57,0.49,21.31,22.17,21.68,123.9,133.6,129.06
12/28/2020 18:00,12/28/2020 18:30,105.4,109.1,106.85,0.69,1.02,0.82,0.4,0.62,0.47,0.42,0.58,0.49,21.26,21.92,21.48,123.9,133.4,128.63
12/28/2020 18:30,12/28/2020 19:00,105.4,110.1,106.96,0.71,1.03,0.81,0.39,0.6,0.47,0.42,0.58,0.49,21.35,22.02,21.73,122.2,134.4,127.8
12/28/2020 19:00,12/28/2020 19:30,103.5,114.5,105.34,0.31,0.95,0.57,0.29,0.54,0.39,0.37,0.57,0.46,21.28,22.66,21.94,70.43,132.2,102.21
12/28/2020 19:30,12/28/2020 20:00,103.9,104.5,104.22,0.31,0.39,0.35,0.28,0.35,0.32,0.36,0.48,0.42,22.66,23.09,22.89,63.98,76.23,66.29
12/28/2020 20:00,12/28/2020 20:30,104.2,104.7,104.43,0.31,0.38,0.35,0.28,0.35,0.31,0.38,0.47,0.42,23.08,23.32,23.21,63.07,69.24,65.8
12/28/2020 20:30,12/28/2020 21:00,104.3,104.7,104.51,0.31,0.4,0.35,0.28,0.35,0.32,0.36,0.48,0.42,23.3,23.42,23.37,63.76,69.75,65.96
12/28/2020 21:00,12/28/2020 21:30,104.4,104.8,104.59,0.31,0.39,0.35,0.28,0.35,0.32,0.39,0.47,0.42,23.41,23.46,23.44,63.69,68.72,66.02
12/28/2020 21:30,12/28/2020 22:00,104.4,104.9,104.62,0.31,0.37,0.34,0.28,0.34,0.31,0.39,0.46,0.42,23.45,23.51,23.49,63.92,68.35,66.05
12/28/2020 22:00,12/28/2020 22:30,104.4,104.8,104.61,0.31,0.38,0.34,0.28,0.34,0.31,0.39,0.45,0.42,23.5,23.52,23.51,63.67,68.09,65.89
12/28/2020 22:30,12/28/2020 23:00,104.4,104.8,104.6,0.31,0.37,0.34,0.27,0.34,0.31,0.39,0.44,0.42,23.51,23.56,23.53,63.35,68.8,65.77
12/28/2020 23:00,12/28/2020 23:30,104.4,104.8,104.61,0.31,0.39,0.34,0.28,0.34,0.31,0.39,0.47,0.42,23.55,23.6,23.57,63.83,68.36,65.74
12/28/2020 23:30,12/29/2020 0:00,104.4,104.8,104.62,0.31,0.39,0.35,0.28,0.35,0.31,0.38,0.47,0.42,23.58,23.62,23.61,63.3,67.44,65.58
12/29/2020 0:00,12/29/2020 0:30,104.4,104.8,104.63,0.31,0.39,0.35,0.28,0.35,0.32,0.38,0.47,0.42,23.59,23.63,23.61,63.71,67.58,65.61
12/29/2020 0:30,12/29/2020 1:00,104.4,104.8,104.61,0.31,0.39,0.35,0.27,0.35,0.31,0.39,0.47,0.42,23.57,23.62,23.59,62.88,67.91,65.48
12/29/2020 1:00,12/29/2020 1:30,104.3,104.8,104.59,0.31,0.38,0.35,0.28,0.36,0.32,0.38,0.47,0.42,23.57,23.61,23.59,63.87,68.13,65.5
12/29/2020 1:30,12/29/2020 2:00,104.4,104.8,104.6,0.3,0.39,0.35,0.28,0.35,0.32,0.38,0.48,0.42,23.56,23.59,23.57,63.5,68.62,65.47
12/29/2020 2:00,12/29/2020 2:30,104.4,104.8,104.59,0.31,0.39,0.35,0.28,0.35,0.32,0.38,0.47,0.42,23.54,23.58,23.57,63.32,71.08,65.41
12/29/2020 2:30,12/29/2020 3:00,104.4,104.8,104.62,0.31,0.4,0.35,0.27,0.35,0.31,0.38,0.47,0.43,23.52,23.57,23.55,63.53,67.55,65.47
12/29/2020 3:00,12/29/2020 3:30,104.4,104.8,104.64,0.31,0.38,0.35,0.28,0.35,0.31,0.38,0.46,0.42,23.49,23.53,23.51,63.7,68.42,65.46
12/29/2020 3:30,12/29/2020 4:00,104.5,104.9,104.66,0.31,0.38,0.34,0.27,0.34,0.31,0.39,0.47,0.42,23.43,23.51,23.48,63.44,68.34,65.4
12/29/2020 4:00,12/29/2020 4:30,104.4,104.9,104.65,0.31,0.38,0.34,0.28,0.35,0.31,0.39,0.46,0.42,23.37,23.45,23.41,63.18,68.46,65.06
12/29/2020 4:30,12/29/2020 5:00,104.4,104.8,104.64,0.3,0.38,0.34,0.28,0.35,0.31,0.39,0.46,0.42,23.35,23.39,23.38,63.3,67.24,64.99
12/29/2020 5:00,12/29/2020 5:30,104.4,104.9,104.63,0.31,0.38,0.35,0.27,0.35,0.31,0.38,0.46,0.42,23.33,23.37,23.35,62.16,66.81,64.31
12/29/2020 5:30,12/29/2020 6:00,104.5,104.9,104.65,0.31,0.38,0.34,0.28,0.34,0.31,0.39,0.46,0.42,23.32,23.37,23.35,61.82,70.09,63.46
12/29/2020 6:00,12/29/2020 6:30,104.5,104.9,104.64,0.3,0.37,0.34,0.28,0.35,0.31,0.39,0.44,0.42,23.34,23.37,23.35,61.58,69.57,63.29
12/29/2020 6:30,12/29/2020 7:00,104.4,104.9,104.66,0.31,0.38,0.34,0.28,0.36,0.31,0.38,0.46,0.42,23.3,23.38,23.35,61.64,65.59,63.32
12/29/2020 7:00,12/29/2020 7:30,104.4,104.9,104.66,0.31,0.39,0.35,0.28,0.35,0.31,0.39,0.46,0.42,23.35,23.41,23.39,61.41,65.6,63.28
12/29/2020 7:30,12/29/2020 8:00,104.5,104.9,104.68,0.31,0.39,0.35,0.28,0.35,0.32,0.37,0.47,0.42,23.39,23.46,23.43,61.52,66,63.27
12/29/2020 8:00,12/29/2020 8:30,104.5,104.9,104.69,0.31,0.4,0.35,0.28,0.36,0.32,0.37,0.48,0.42,23.44,23.54,23.49,61.7,66.34,63.24
12/29/2020 8:30,12/29/2020 9:00,104.6,104.9,104.73,0.3,0.39,0.35,0.28,0.35,0.32,0.36,0.48,0.42,23.51,23.62,23.56,61.53,65.5,63.25
12/29/2020 9:00,12/29/2020 9:30,104.6,105,104.74,0.31,0.39,0.35,0.28,0.35,0.31,0.38,0.47,0.42,23.58,23.67,23.62,61.22,69.5,63.25
12/29/2020 9:30,12/29/2020 10:00,104.6,105,104.79,0.31,0.4,0.35,0.28,0.35,0.31,0.38,0.48,0.42,23.67,23.8,23.74,61.53,65.36,63.26
12/29/2020 10:00,12/29/2020 10:30,104.6,105.1,104.81,0.3,0.4,0.35,0.28,0.37,0.32,0.37,0.48,0.42,23.79,23.92,23.85,61.24,65.71,63.27
12/29/2020 10:30,12/29/2020 11:00,104.6,105.1,104.83,0.31,0.4,0.35,0.28,0.35,0.32,0.38,0.47,0.43,23.91,24.01,23.96,61.15,65.58,63.23
12/29/2020 11:00,12/29/2020 11:30,104.7,105.1,104.83,0.31,0.39,0.35,0.29,0.36,0.32,0.39,0.47,0.42,23.99,24.09,24.03,62.58,79.69,70.63
12/29/2020 11:30,12/29/2020 12:00,104,105.1,104.52,0.31,0.39,0.35,0.28,0.35,0.32,0.37,0.48,0.42,23.39,24.12,23.82,69.17,77.74,73.23
12/29/2020 12:00,12/29/2020 12:30,103.9,121.8,107.4,0.3,1.81,0.78,0.29,0.79,0.44,0.37,0.57,0.47,20.56,23.4,22.15,70.73,141.2,111.03
12/29/2020 12:30,12/29/2020 13:00,104.6,110.2,106.13,0.7,1.02,0.8,0.39,0.62,0.46,0.42,0.57,0.49,20.27,21.01,20.57,120,129.9,123.47
12/29/2020 13:00,12/29/2020 13:30,103.2,119.3,106.07,0.3,1.93,0.69,0.29,0.64,0.43,0.37,0.57,0.47,20.46,22.3,21.31,74.81,142.1,114.35
12/29/2020 13:30,12/29/2020 14:00,105.5,109.6,106.64,0.7,0.94,0.79,0.38,0.68,0.46,0.42,0.56,0.48,20.49,21.79,20.96,119.1,126.9,122
12/29/2020 14:00,12/29/2020 14:30,105.5,108.5,106.74,0.69,1.02,0.79,0.38,0.65,0.46,0.43,0.57,0.48,20.83,21.59,21.09,119.4,125.5,121.86
12/29/2020 14:30,12/29/2020 15:00,103.4,121.2,106.06,0.31,1.91,0.63,0.28,0.69,0.4,0.37,0.56,0.46,20.86,23.47,22.3,71.14,140,104.89
12/29/2020 15:00,12/29/2020 15:30,105.3,111.8,106.75,0.71,0.97,0.8,0.38,0.63,0.46,0.42,0.57,0.48,20.39,23.41,21.23,117.9,127.5,121.05
12/29/2020 15:30,12/29/2020 16:00,104.9,108.6,106.18,0.7,1,0.79,0.37,0.62,0.45,0.42,0.57,0.48,20.22,20.82,20.43,117.2,122.8,119.84
12/29/2020 16:00,12/29/2020 16:30,103.5,119.4,105.22,0.31,0.87,0.53,0.28,0.52,0.37,0.37,0.55,0.44,20.81,23.57,22.38,71.71,122.4,94.37
12/29/2020 16:30,12/29/2020 17:00,104,124.6,107.66,0.31,1.92,0.77,0.29,0.67,0.45,0.38,0.56,0.48,21.04,23.62,22.48,71.66,140.9,115.55
12/29/2020 17:00,12/29/2020 17:30,104.7,110,106.62,0.7,1.06,0.81,0.37,0.63,0.47,0.41,0.57,0.49,20.85,21.1,20.99,118,127.1,121.94
12/29/2020 17:30,12/29/2020 18:00,104.8,109.6,106.23,0.7,1.09,0.79,0.35,0.59,0.46,0.41,0.55,0.49,21.01,21.57,21.35,119.5,128.1,122.65
12/29/2020 18:00,12/29/2020 18:30,105,114,106.72,0.7,1.05,0.8,0.38,0.63,0.47,0.42,0.57,0.48,21.09,21.57,21.25,121.4,131.8,125.94
12/29/2020 18:30,12/29/2020 19:00,103.8,116.2,106.72,0.39,0.98,0.79,0.34,0.63,0.45,0.4,0.58,0.48,21.25,21.71,21.52,109.3,130.5,124.85
12/29/2020 19:00,12/29/2020 19:30,103.1,104.3,103.79,0.31,0.47,0.35,0.27,0.36,0.32,0.37,0.48,0.42,21.42,23.04,22.28,63.27,110.2,72.25
12/29/2020 19:30,12/29/2020 20:00,104,104.6,104.36,0.31,0.4,0.35,0.28,0.36,0.32,0.36,0.48,0.42,23.04,23.56,23.36,62.46,73.97,64.3
12/29/2020 20:00,12/29/2020 20:30,104.3,104.7,104.53,0.31,0.39,0.35,0.28,0.35,0.31,0.38,0.47,0.42,23.56,23.79,23.7,62.45,66.39,64.16
12/29/2020 20:30,12/29/2020 21:00,104.4,104.8,104.6,0.31,0.41,0.35,0.27,0.36,0.32,0.36,0.48,0.42,23.78,23.82,23.8,62.48,66.46,64.19
12/29/2020 21:00,12/29/2020 21:30,104.3,104.7,104.54,0.31,0.4,0.35,0.28,0.36,0.32,0.37,0.48,0.42,23.72,23.82,23.76,62.15,66.26,64.16
12/29/2020 21:30,12/29/2020 22:00,104.3,104.8,104.54,0.31,0.38,0.35,0.28,0.35,0.31,0.39,0.46,0.42,23.67,23.73,23.7,62.5,68.95,64.12
12/29/2020 22:00,12/29/2020 22:30,104.3,104.8,104.55,0.31,0.38,0.34,0.28,0.34,0.31,0.39,0.46,0.42,23.64,23.69,23.66,62.5,66.14,64.15
12/29/2020 22:30,12/29/2020 23:00,104.4,104.8,104.55,0.31,0.38,0.35,0.27,0.35,0.31,0.39,0.45,0.42,23.63,23.66,23.65,62.43,70.11,64.17
12/29/2020 23:00,12/29/2020 23:30,104.4,104.9,104.59,0.31,0.39,0.35,0.28,0.36,0.32,0.37,0.49,0.42,23.62,23.73,23.68,62.69,67.45,64.18
12/29/2020 23:30,12/30/2020 0:00,104.5,104.9,104.66,0.31,0.39,0.35,0.28,0.35,0.32,0.37,0.48,0.42,23.64,23.91,23.73,62.59,66.49,64.18
12/30/2020 0:00,12/30/2020 0:30,104.5,105,104.67,0.31,0.4,0.35,0.28,0.35,0.32,0.37,0.48,0.42,23.62,24.01,23.75,62.38,66.87,64.14
12/30/2020 0:30,12/30/2020 1:00,104.4,104.9,104.62,0.3,0.39,0.35,0.28,0.35,0.32,0.37,0.48,0.42,23.54,23.78,23.61,62.2,66.53,64.1
12/30/2020 1:00,12/30/2020 1:30,104.4,104.8,104.57,0.31,0.38,0.34,0.28,0.34,0.31,0.39,0.45,0.42,23.48,23.55,23.51,62.65,66.87,64.2
12/30/2020 1:30,12/30/2020 2:00,104.4,104.8,104.58,0.31,0.37,0.34,0.27,0.34,0.31,0.39,0.45,0.42,23.41,23.49,23.46,62.47,67.91,64.19
12/30/2020 2:00,12/30/2020 2:30,104.4,104.8,104.56,0.31,0.38,0.35,0.28,0.35,0.31,0.39,0.47,0.42,23.32,23.42,23.38,62.12,76.38,64.92
12/30/2020 2:30,12/30/2020 3:00,104.4,104.8,104.58,0.3,0.39,0.35,0.28,0.36,0.32,0.37,0.48,0.42,23.14,23.32,23.22,66.83,71.63,68.33
12/30/2020 3:00,12/30/2020 3:30,104.4,104.9,104.64,0.31,0.4,0.35,0.28,0.36,0.32,0.36,0.49,0.42,23.02,23.16,23.09,67.33,81.1,73.57
12/30/2020 3:30,12/30/2020 4:00,104.4,104.9,104.64,0.3,0.4,0.35,0.28,0.35,0.32,0.37,0.48,0.42,22.89,23.04,22.96,69.55,84.78,78.17
12/30/2020 4:00,12/30/2020 4:30,104.4,122.1,108.46,0.31,1.96,0.87,0.28,0.8,0.44,0.38,0.56,0.47,20.53,22.9,21.85,77.53,144.9,115.02
12/30/2020 4:30,12/30/2020 5:00,105,110.9,107.24,0.71,1.21,0.89,0.39,0.65,0.48,0.42,0.59,0.49,20.66,21.42,21.08,122.3,137.2,128.73
12/30/2020 5:00,12/30/2020 5:30,104.4,109.8,106.15,0.68,0.96,0.79,0.35,0.66,0.46,0.41,0.56,0.48,21.25,21.96,21.54,121.8,130.7,125.28
12/30/2020 5:30,12/30/2020 6:00,104.4,110.1,106.45,0.69,1.05,0.81,0.37,0.64,0.47,0.41,0.58,0.48,21.15,21.56,21.34,121.8,130,126.1
12/30/2020 6:00,12/30/2020 6:30,104.3,109.5,106.45,0.69,0.94,0.81,0.38,0.62,0.47,0.41,0.55,0.48,21.47,21.71,21.59,121.9,130.7,126.17
12/30/2020 6:30,12/30/2020 7:00,104.3,111,106.11,0.69,0.97,0.8,0.39,0.62,0.47,0.42,0.57,0.49,21.61,21.81,21.7,121,130.1,125.73
12/30/2020 7:00,12/30/2020 7:30,104.5,109.5,106.46,0.7,0.93,0.81,0.38,0.62,0.47,0.42,0.59,0.49,21.73,21.96,21.85,120.8,130.8,125.89
12/30/2020 7:30,12/30/2020 8:00,104.7,109.9,106.51,0.7,0.99,0.81,0.37,0.61,0.47,0.42,0.58,0.48,21.63,21.9,21.79,120.7,131.3,125.98
12/30/2020 8:00,12/30/2020 8:30,105.1,109.2,106.25,0.7,0.91,0.78,0.39,0.63,0.47,0.42,0.56,0.48,21.78,21.91,21.86,121.8,130.5,125.74
12/30/2020 8:30,12/30/2020 9:00,106.1,113.1,107.84,0.68,1,0.81,0.37,0.6,0.47,0.41,0.6,0.49,22.68,23.1,22.83,129.6,138.2,133.54
12/30/2020 9:00,12/30/2020 9:30,106.2,111.2,107.82,0.72,1,0.81,0.4,0.67,0.48,0.43,0.57,0.49,22.48,22.48,22.48,127.5,138.6,133.52
12/30/2020 9:30,12/30/2020 10:00,152,171.1,162.19,0.97,1.33,1.12,1.25,1.66,1.48,0.51,0.72,0.59,-0.78,22.13,20.03,158.4,163,160.7
12/30/2020 10:00,12/30/2020 10:30,105.5,106.1,105.81,0.32,0.43,0.36,0.28,0.36,0.32,0.41,0.52,0.45,18.83,22.26,21,92.18,94.19,93.31
12/30/2020 10:30,12/30/2020 11:00,101.1,212.12,107.77,0,1.8,0.63,0,1.8,0.61,0,0.96,0.58,24.97,28.86,26.04,59.6,125.9,72.96
12/30/2020 11:00,12/30/2020 11:30,101.02,196.9,114.81,0,2.34,0.69,0,1.79,0.7,0,0.97,0.6,23.29,26.73,25.71,58.75,126.99,82.79
12/30/2020 11:30,12/30/2020 12:00,101.81,216.02,125.59,0,1.63,0.75,0,1.78,0.78,0,0.96,0.61,24.09,28.58,26.19,58.37,125.84,85.93
12/30/2020 12:00,12/30/2020 12:30,102.53,104.22,103.19,0,0.79,0.58,0,0.74,0.56,0,0.82,0.58,25.82,26.99,26.34,58.39,79.68,66.36
